channelId,チャンネルタイトル,サムネイル,チャンネル開設日,チャンネル登録者数,総動画アップロード数,1本当たりの視聴回数,チャンネル登録者数一人当たりの視聴回数,総再生回数,チャンネル開設からの経過日数,平均アプロード数,測定日
UCuhPVNbY5AATKsU5RSEhbCQ,山澤 礼明【筋肉チャンネル】,https://yt3.ggpht.com/ytc/AOPolaTwQnyOzSx4jAoR5D8DLCDvQGlfPopVVS-tEiV9Og=s240-c-k-c0x00ffffff-no-rj,2013-04-26,866000,1062,398240,488,422931829,3727,3,2023-07-10
UCOUu8YlbaPz0W2TyFTZHvjA,ザ・きんにくTV 【The Muscle TV】,https://yt3.ggpht.com/ytc/AOPolaRoVUDk3jCdwRtVYtWmF20DWoIi4oQMiy1brGkoDA=s240-c-k-c0x00ffffff-no-rj,2016-05-10,2140000,414,767344,148,317680681,2617,6,2023-07-10
UC7F_CLFtxDetmUnORgmwImg,山本義徳 筋トレ大学 - VALX,https://yt3.ggpht.com/ytc/AOPolaQsA79mACSErlbkE8WhdtlXIhNrtlAj6BOAB61E=s240-c-k-c0x00ffffff-no-rj,2019-04-19,671000,1375,152351,312,209483432,1543,1,2023-07-10
UCwdphP6bpyIkhajgwzVgbVA,HagaSeven.芳賀セブンの部屋,https://yt3.ggpht.com/ytc/AOPolaQ0FOScUH5qemgAc2-G2DSBxZJ6u75cl7BdO37VQA=s240-c-k-c0x00ffffff-no-rj,2017-11-26,718000,2022,292064,822,590554055,2052,1,2023-07-10
UCV1LegwXIVW0AkKaakir8kg,林ケイスケの筋トレと食事の解説チャンネル（uFit）,https://yt3.ggpht.com/dRoIuJLuGcmAVKaad_3fuv9KAj778tOwZbVutb4JuaVx97viqXW6O4ssh8seI9MyGIo4arb0=s240-c-k-c0x00ffffff-no-rj,2021-02-23,4300,51,11014,130,561749,867,17,2023-07-10
UCRvM4zFmDz2cEiuk7d9C-3w,なーすけFitness,https://yt3.ggpht.com/ytc/AOPolaR5aOzKUo0PdTSWLneLJZuDIKHGMLgYpjTU2_FFuQ=s240-c-k-c0x00ffffff-no-rj,2012-12-24,628000,1077,403422,691,434486564,3850,3,2023-07-10
UCrxyF4F-ComNkP_1laEsRBw,論文で解決 ~筋肉と栄養を科学する~,https://yt3.ggpht.com/Z3bgEiHNN8PZeA6yz75iJ94IcLhEXoEbNylrJLjLKboG31c2W8kdG-vwUNaYzCbqKY33cldOiQ=s240-c-k-c0x00ffffff-no-rj,2019-11-06,196000,530,60360,163,31990941,1342,2,2023-07-10
UCKuKJHdK8hmwNXpEcHPK8FQ,筋トレの科学,https://yt3.ggpht.com/6x2I0w3Q8RD9KHOSRzMu2v6MlbYAFxXDKSQ0LI_aytJ2oBeUi2Ts0c3NU3cQGDrmJL-4Zv8mqkY=s240-c-k-c0x00ffffff-no-rj,2020-12-26,123000,113,78328,71,8851134,926,8,2023-07-10
UCBQdDOniWxj9mYAntqTvY2w,KOKI / 光輝,https://yt3.ggpht.com/f25GESUURezH_2x45ljV15aYxd30VWFnQ542dNlofW0L2oe6JRirKqn4h4uwHO6aoYe_nGt9=s240-c-k-c0x00ffffff-no-rj,2015-04-01,21200,400,66233,1249,26493347,3022,7,2023-07-10
UCoRP3zFpOrbq8WZrPIkdHaQ,2ちゃんねる面白スレまとめ【ゆっくり解説】,https://yt3.ggpht.com/HzVFB3eaDuPWDBHgF2JLQeIEZz1tP18s2QkJmapMVcd2MBlbrO9ovRq74is2Z1a5DCts2k_QDw=s240-c-k-c0x00ffffff-no-rj,2021-09-01,180000,1033,110256,632,113894527,677,0,2023-07-10
UCHAJnfZKTsP4U-YsJ81unpw,マッスルTV,https://yt3.ggpht.com/6bpShgp1WKYFoFJT0vwaPeTaFhi6lq28hJvzUUCxdVqniekwwKAo65ca_HJSuosOAT0rt-gVOQ=s240-c-k-c0x00ffffff-no-rj,2021-11-24,18700,179,21372,204,3825656,593,3,2023-07-10
UCUGc7d8GW02ibfbUpVy3wzg,Dr Ishiguro,https://yt3.ggpht.com/ytc/AOPolaSFz2aFw1St-qK5y1qpnhT738jwsWHYEHO25GlGwA=s240-c-k-c0x00ffffff-no-rj,2010-06-11,298000,757,71017,180,53760375,4777,6,2023-07-10
UCC0JWiw4BJYR4NUDxQCf0Hg,ひなちゃんねる / Hinata Kato,https://yt3.ggpht.com/EHSu9XR-67Mbk2fmzsciLd8XDnMVPL97DHi_tJQ-Rihi1383aApqruN-pTkSZ_jKgt_MsxNSrA=s240-c-k-c0x00ffffff-no-rj,2017-05-25,2680000,336,1828009,229,614211192,2237,6,2023-07-10
UCIzzH3m7wKDe-zrbg5RPBtw,筋肉あるある,https://yt3.ggpht.com/ytc/AOPolaRhFUV9JVtW8uj5lt_Fpn_KYuu-hWf3ROzXn05Mlw=s240-c-k-c0x00ffffff-no-rj,2018-07-17,139000,386,63142,175,24373128,1819,4,2023-07-10
UC11h2T0uLsHXCmr-NkGOK0w,Eriri,https://yt3.ggpht.com/ofC2cQ4bWsdoCZZU0h5LqnoxD-NSDfiZx9p6D5oPK52BGpj9-HqqV4qtq9L_EZucA9hlE_38=s240-c-k-c0x00ffffff-no-rj,2019-11-10,1070,43,3073,123,132140,1338,31,2023-07-10
UCIR8bP-MIXHwTPkUjcnjBCw,今古賀翔【トレーニング科学】,https://yt3.ggpht.com/UE4_Dm2qOfbgn4RBH7-kzv2LADDibUPfRUVRQYtntLJONgH_3mBnsIXrPmQhHqmZYeFStMWZ=s240-c-k-c0x00ffffff-no-rj,2009-11-21,253000,452,135421,241,61210462,4979,11,2023-07-10
UCTfuU0u1bdofWDqkFTz4QaA,アクトレブログ,https://yt3.ggpht.com/Xa6G5hMTRa_yYyjTz37pWi1oBURcoN1ONDMaeAdcPk5RyLiNWRPES7zKv32-9Beya9swGxrg=s240-c-k-c0x00ffffff-no-rj,2016-01-01,653000,1145,358375,628,410339849,2747,2,2023-07-10
UCySZeaYBmHKCz0MpsqtCPhA,nora fitness /のらフィットネス,https://yt3.ggpht.com/U0YRAwiSVG0PLZdKqtGGLZ0ya31_JYcYIs4ud5pxnpf3Qzi-XHN3ucWK4YthWXhFXTz_7nJSOw=s240-c-k-c0x00ffffff-no-rj,2020-05-20,132000,541,163457,669,88430253,1146,2,2023-07-10
UCrV1T0LCGPgGiBspaL2pZHw,バズーカ岡田の筋トレラボ,https://yt3.ggpht.com/-EPPDuBfBZFvc-IzsQpX9nrB5UBqFfaMHFC4elQPyTaj3N9peinGui-d5--bP2trnRzPlsi6jQ=s240-c-k-c0x00ffffff-no-rj,2020-07-12,258000,365,115882,163,42297283,1093,2,2023-07-10
UCnHzm--hwx96P9D3Rnbe3LQ,ザ・きんにくTV 2nd 【The Muscle TV 2nd】,https://yt3.ggpht.com/ytc/AOPolaQrwbOPajAVIoqIfPbPqI8uWpXH9DL1-VK8lFgA=s240-c-k-c0x00ffffff-no-rj,2015-01-19,539000,199,277843,102,55290816,3094,15,2023-07-10
UCqNjnjVp2E-TuCeiKx3y7ag,山岸秀匡　筋トレ大学【切り抜き】,https://yt3.ggpht.com/lT06sYbC1WRS94wNAGQipg_r86yNIeUpR8HJy252TsRkzgV-1gfvu39e8lCVyFnwKkICxLZpFAg=s240-c-k-c0x00ffffff-no-rj,2021-11-30,28500,454,25671,408,11654655,587,1,2023-07-10
UC2b1bVPPJgpf4qb6Asij33A,sexyfitness　40-50代ボディをかっこよくする筋トレ法,https://yt3.ggpht.com/mjhdurgWq0yWjuuPhRbVLKSs9z_BAgAEZ1ZuHx3NcoPalfFxV2y2Nfx6ObzN-Dlxd5rKmh6j=s240-c-k-c0x00ffffff-no-rj,2007-04-05,322000,1564,36159,175,56553202,5940,3,2023-07-10
UC1QWsgU5qJTqxGlwk9zG7Ag,フィットネストレーナー野上channel,https://yt3.ggpht.com/Il8XnmZKOu1eKAaVVPjJDasEzIIWbfuZrWI-2xsvC6mnY3wCePoUlKOdq7LdBScAJJutqeUr=s240-c-k-c0x00ffffff-no-rj,2012-09-17,16900,799,5664,267,4525750,3948,4,2023-07-10
UCqAruhRLMuHxGTa-xs22DnA,ディーサン d-sun,https://yt3.ggpht.com/HdwP5Oy7XhafaoshpUdgW_bd0tfdbz9GmROHwpVPdmtL11a6HBZLF0BQmPkVvwZMcD8gCwjp=s240-c-k-c0x00ffffff-no-rj,2016-07-09,239000,987,99898,412,98600067,2557,2,2023-07-10
UCID4r258VmBcppjglAy8nVQ,家トレダイエット-のりfitness,https://yt3.ggpht.com/AkyTnXFpH6FpCYhlDuMnZBI-HF9ybQlHEbXhkjzxzsMC0eBT8aIY2Vb5kgdhHpGomAhsEjg=s240-c-k-c0x00ffffff-no-rj,2020-06-14,108000,226,168062,351,37982222,1121,4,2023-07-10
UCZWyZ5L_MVBCcB8vmkspb8A,メトロンブログ,https://yt3.ggpht.com/uYY0fQvpogKFgVYo9iJiJB39dI8AbvuyS2CHScYL0ZPAluqerotcNxPNX8aRfPlbYmrAYF-7Ew=s240-c-k-c0x00ffffff-no-rj,2013-10-03,770000,507,366768,241,185951650,3567,7,2023-07-10
UC_x_e-SGSU-basLUFOQ6FJA,【地球がジム】fitness mate,https://yt3.ggpht.com/GmEESsGkE5_BH9OqQ598H12z1jZDz5lyNkmqNWO9nP8aV-Nz2mSusO0MmXQodZH1nxPflTKYZQ=s240-c-k-c0x00ffffff-no-rj,2018-07-22,193000,819,56047,237,45902971,1814,2,2023-07-10
UCORjrE2ILK4VCFTa0AVks2g,レモンチャンネル,https://yt3.ggpht.com/ycIDYgt4LRC8xk5K2dLMCn9sj8XBupLlvndaPEgz_QIdXXXMlA2OpNrRWYP3cA56mWZBSmrIGQ=s240-c-k-c0x00ffffff-no-rj,2018-12-09,154000,684,175142,777,119797678,1674,2,2023-07-10
UCXVErXFv_fzdIMjFpkIXHtg,まめたまの筋トレ日記,https://yt3.ggpht.com/ytc/AOPolaSOSPQM_dN2FhLc7NC-25hR0yf8r9p5m1M0uSpX=s240-c-k-c0x00ffffff-no-rj,2019-08-11,464000,668,155455,223,103844576,1429,2,2023-07-10
UCHrL96ET2wzYMzuWBtAgCmA,きおきお🟢,https://yt3.ggpht.com/mApzLf78CQbgWGuwiv79SeHM5Sz1fBdHsg0Oq2_p7FI_LFwLqB2XJaSJ1wHPsLBTn1BdqG8nCA=s240-c-k-c0x00ffffff-no-rj,2014-06-28,653000,5269,117059,944,616785536,3299,0,2023-07-10
UCVmav5bnMDBQut0-P1poaiA,BIG HIDEの隠れ家【山岸秀匡】,https://yt3.ggpht.com/q4ZAlXftLhgREDLMLM2RXOJPI5VF8TV839vaEe106vzolenJqjNcz-Nd0Yr-417vlHuHOCMdUzM=s240-c-k-c0x00ffffff-no-rj,2021-10-19,28600,470,25034,411,11766332,629,1,2023-07-10
UCGvRIuZH1C6_-p3qsNR2I-g,片倉岳人/ダイエットの知恵袋,https://yt3.ggpht.com/R8NQQ29pOsN_YplXtqgHHAUxiHSwOL0z2CRIG0OxYmRuCOZsH8X2sLgUjoiosQLcmZ_72xbw=s240-c-k-c0x00ffffff-no-rj,2019-04-01,330000,1400,197644,838,276702635,1561,1,2023-07-10
UCo2kwWSpTUbbus7syigi0Jg,寺島遼 / Ryo Terashima,https://yt3.ggpht.com/2maXAQUT0SfvPbeHrivBHPkHGrylpnMfuEKgDDhzxLS3MKxYISBku4deRVewBf3khhUmFYxc=s240-c-k-c0x00ffffff-no-rj,2021-09-18,67900,97,85004,121,8245434,660,6,2023-07-10
UCz5yZX4b5ePUUrezGY15hYA,ニャンチューバーつくし 【関西弁でしゃべる猫】,https://yt3.ggpht.com/ytc/AOPolaSeYctdR7Q_Nd8wJhotOz763VEAJ4JvMfgxwr80=s240-c-k-c0x00ffffff-no-rj,2020-12-25,303000,1414,207918,970,293996445,927,0,2023-07-10
UCQmrp8xomFRvv0hRfp_hCnw,みおの女子トレ部,https://yt3.ggpht.com/ytc/AOPolaQTX4UlOkXSbA55iuDQBhQNOx616XiT2H9Q8M5Drw=s240-c-k-c0x00ffffff-no-rj,2019-12-08,712000,353,411792,204,145362630,1310,3,2023-07-10
UChp1mw7VgXeFjOQgiShh5_w,あなたに寄り添う健康生活の入口「LOOOM」,https://yt3.ggpht.com/o1asK7l1ZdtwgIfdkClpYzpFmOR5A-asnnVHNLulehgP2BFEo1GLEElirixJh7-RU-8GsHzOPg=s240-c-k-c0x00ffffff-no-rj,2020-05-06,24200,584,2879,69,1681760,1160,1,2023-07-10
UCChTwWCItwwbSigVPqf9WRg,サイナス【フィットネス】,https://yt3.ggpht.com/QBcQrIwNoJAg_paS8PaVJ-gOM7oi2LCJarfzYDkY4RIWe8yFvXcyVdF1Y_I1kcNLisH5fAQLCQ=s240-c-k-c0x00ffffff-no-rj,2021-02-22,1020,85,6119,509,520183,868,10,2023-07-10
UCwFPk397w7Dg5gi6vd-1Xcw,プリッ2,https://yt3.ggpht.com/dwNhmUTodjb9XLF0n2cj7Kai2J78l4GZsSVr2FfaU42oQcSKQ2xT52eiqlDs8A_smcGeEtGo8w=s240-c-k-c0x00ffffff-no-rj,2017-07-18,202000,1910,61626,582,117707519,2183,1,2023-07-10
UC1sCj2fgOEphRa5H0ZaEjeg,katochan33,https://yt3.ggpht.com/ytc/AOPolaRt8szO0YYIGUELQP_VkxX3QvVBJaT-hIbbLj8U=s240-c-k-c0x00ffffff-no-rj,2008-01-09,238000,1370,79130,455,108409343,5661,4,2023-07-10
UCjAW4dwWGSyi-aMxzl407rQ,かいと【筋肉日記】,https://yt3.ggpht.com/ytc/AOPolaRi4A5ucUNSGZV72fCn2V8bE5z9g1Fi5WKdMw7u=s240-c-k-c0x00ffffff-no-rj,2019-01-08,53900,336,36818,229,12370957,1644,4,2023-07-10
UC-ye-eaHOfLgFl6B_EQMu0g,Hinafit,https://yt3.ggpht.com/4_qOsB7m7Hs3KivIoRPWBQ6mlKen674WXh69J3jVailPkh_mDM5WaloGgkeR_AU2yHmLIDeq2g=s240-c-k-c0x00ffffff-no-rj,2016-12-20,292000,291,161358,160,46955463,2393,8,2023-07-10
UCzMqQ6Is_T5bJ9HKc8xACOQ,ビーレジェンド チャンネル,https://yt3.ggpht.com/_r2A4wGewVirMMsGSzPP0bJRhjqVTCuGmGyADoemLIsXAKviGN9SjvTrbltmnfed-ElDvwgGOw=s240-c-k-c0x00ffffff-no-rj,2011-11-01,32600,1820,5239,292,9535836,4269,2,2023-07-10
UCdzXXjd28tQJ2cwnJKquiqg,北條元治 | 形成外科医・肌の再生医療の専門家,https://yt3.ggpht.com/XwHYx6_4xghX3Zp4dLh5F1XFXbzV5M2tdqzaUCX0ZfNkIKVjpjKxhzN12U-h2ll3loquQQcwnuk=s240-c-k-c0x00ffffff-no-rj,2021-07-07,179000,889,45450,225,40405477,733,0,2023-07-10
UClVxlTdjXCH02L9WtiPu_rg,Kanekin Fitness,https://yt3.ggpht.com/xq63jkxYE1qRlV5aHbytcIwaBo0FAOI-E9lReHqdxtjBGgevQz8ai1AlMsh7Y6IjAYumnOueFA=s240-c-k-c0x00ffffff-no-rj,2014-11-12,428000,781,181241,330,141549525,3162,4,2023-07-10
UCgY0hGoqBI_66eAfVNunDBQ,2chおもしろスレ集合,https://yt3.ggpht.com/HSmT1pL4gg1oiCY2JELdC4OICqDsNgd9Yy90vEjDVAT0ph27UFn4wYmJsxioa7bCBnpVURpSRA=s240-c-k-c0x00ffffff-no-rj,2022-07-28,18200,223,56186,688,12529564,347,1,2023-07-10
UCV7SmmVbR0g5KwjOFTMEPDw,EXILE NAOTO オネストTV,https://yt3.ggpht.com/ytc/AOPolaSAiMGe9DFNrYmBCr9hhl1Fo5HosCqSwFe2GsR2=s240-c-k-c0x00ffffff-no-rj,2020-01-14,445000,334,318423,238,106353418,1273,3,2023-07-10
UCrR65ztEC5p1uV9ej_QloZA,REINO TV,https://yt3.ggpht.com/L1_RHbuTjwrRbUbLusCMiyvSIgt39rnJRbujZoys460JKQSR8yGQM5EGtSoeZNYq3sgqY3oVWA=s240-c-k-c0x00ffffff-no-rj,2013-09-17,8130,358,15355,676,5497263,3583,10,2023-07-10
UCw7HTQv0F4CB9zGRhqosYsg,Marina Takewaki,https://yt3.ggpht.com/ytc/AOPolaTmkE6jfpdyelKwnf2uWAZtJb7KwvYvnKg6Skin=s240-c-k-c0x00ffffff-no-rj,2018-12-19,3680000,781,1530521,324,1195337384,1664,2,2023-07-10
UCoRqzoPae4aTFFF-eZwFbSg,Miyako's Channel,https://yt3.ggpht.com/FphOZzgjfrgeS7VrjqOZbM7SmgTNUNLTWm_V1H42HvRLOKYyqj4RsG9afeFnwwQN7l98HxzUTQ=s240-c-k-c0x00ffffff-no-rj,2018-08-11,143000,265,74708,138,19797622,1794,6,2023-07-10
UCKYomIzwMdqszdch7mlbBlw,ふみたん自重筋トレ大学,https://yt3.ggpht.com/ytc/AOPolaQwBlGY6j9nrKzmR50pssjEDL-8dK3UDOnIE3k3=s240-c-k-c0x00ffffff-no-rj,2014-02-25,18300,337,10374,191,3496056,3422,10,2023-07-10
UCTj4HCD5jWGMNUJhv1RIweQ,がん情報チャンネル・外科医 佐藤のりひろ,https://yt3.ggpht.com/Od3JR7uHTKVEORhjDA9l-fKz3UbY75GxSDiZNiwcY-Vhppi3w-XAFnS-6YY_ZyiQCDp21NC_Gg=s240-c-k-c0x00ffffff-no-rj,2020-05-02,112000,562,45281,227,25448137,1164,2,2023-07-10
UCA1Zjjs4vwgByLdpNM4vxWw,6畳筋トレタカの筋トレ情報局,https://yt3.ggpht.com/ytc/AOPolaSgk8M6cuyu3UHV6lHWvyoDVWiOz4dmfPIoi0u2=s240-c-k-c0x00ffffff-no-rj,2019-09-11,10800,392,9374,340,3674810,1398,3,2023-07-10
UCHBFLVOBds4UOXErosPu4WA,山岸秀匡の筋トレ学入門,https://yt3.ggpht.com/iYQIs-4Q2-CjyOSCOp6oh25KWJLre8-Lyz-o5BzRRxfpn7PwiWW9-WdxmNts9sl56Ih0zQEurrY=s240-c-k-c0x00ffffff-no-rj,2022-01-18,9680,245,58421,1478,14313208,538,2,2023-07-10
UCK3FGUlvfLWggYxxaHPpm2g,筋肉翻訳,https://yt3.ggpht.com/ytc/AOPolaQRX8p3lKWrzmHBLG8faHFgbOvuxnuH_cVItDzd=s240-c-k-c0x00ffffff-no-rj,2015-10-09,56600,570,26378,265,15035552,2831,4,2023-07-10
UCRW3phI2QtWTc43N-WW8ZFg,ごりおくん,https://yt3.ggpht.com/UZQUWpmhJXoq9tGNxjFjA86Dh-FRUf9JB41UKYarngOqFuVEzSCqIXCQJhab0H36zgTudNCw8w=s240-c-k-c0x00ffffff-no-rj,2022-01-14,23300,85,148356,541,12610340,542,6,2023-07-10
UCeu0G1rICr5H41aBte2Sdgw,ちゃぴさんです。,https://yt3.ggpht.com/ddPBzUCVW-Lcocik9E3j2rFPOiKfEfl6Hdj3U85LtGdGD_2YI6CaYDDD0qIMgKBuvUX3MP2S9Q=s240-c-k-c0x00ffffff-no-rj,2020-04-12,329000,618,280876,527,173581713,1184,1,2023-07-10
UCCJel9mmTsxDU9RiCwdiLiA,サイヤマングレート,https://yt3.ggpht.com/ytc/AOPolaScGvs7DoBqxmaT7cTPi3eizCScaVtNxQ6l5nShww=s240-c-k-c0x00ffffff-no-rj,2013-04-06,581000,2902,132031,659,383155730,3747,1,2023-07-10
UCSey5Dv0VjppXozC7uKdlrQ,おもしろフラッシュDaiGo【メンタリストDaiGo切り抜き】,https://yt3.ggpht.com/U51f6dDBAP4-WkHye3HlGOllY7A5HQ3mUFD07PfwnRClQsJDWG2wbB2E9I4nNo2xmXUjRleBsw=s240-c-k-c0x00ffffff-no-rj,2021-05-18,118000,1096,71209,661,78045968,783,0,2023-07-10
UCRngGSXHvMWWiMRR1H0kOCg,筋トレ大学 切り抜き【公認】,https://yt3.ggpht.com/3CcO3l7CmSpaN8GGKV1vkB0s8PCb-q0HWEBEXaOvznvzeLPDRoCFj2d9NdSP5ez_8NnaFW9qzQI=s240-c-k-c0x00ffffff-no-rj,2021-03-31,10900,509,15788,737,8036298,831,1,2023-07-10
UC63lwTK2fPcDuquKQoxt2ZA,ボバトレ,https://yt3.ggpht.com/9BCOEn8TH5IUHDMJy8bsidl7g5J-hXsXFxdANBH6CzvcEIBScfvC5yYwlzIgeGhsVB-Af3r6=s240-c-k-c0x00ffffff-no-rj,2022-12-09,840,5,1439,8,7196,213,42,2023-07-10
UCsymdL-XcNDeEFOr37NKj2w,くうしば,https://yt3.ggpht.com/ytc/AOPolaSF2b_YRwNPK2V6YrkaVKdzYLxRb8bwX8pAedL1-w=s240-c-k-c0x00ffffff-no-rj,2012-04-12,287000,3649,100712,1280,367499754,4106,1,2023-07-10
UCDQLC77Vv7L9tIIdrP4ZgOw,ビヨンドジム浦和店,https://yt3.ggpht.com/tQyg-2MGW-35u3xpQnuAE8hC7CDVSBKW7cnpPvypdcMmfRUGVRzaHmOs75I5Qc33lPnF37dHcpk=s240-c-k-c0x00ffffff-no-rj,2021-11-09,30,23,947,726,21798,608,26,2023-07-10
UC8-kmIZowlGKYNuJUSgzfpg,薬学生トレーニーSakura,https://yt3.ggpht.com/ytc/AOPolaS82d9HTnTZVNv9GR6Do8XHASMLAHuQbChnlt4BBhk=s240-c-k-c0x00ffffff-no-rj,2019-12-12,421000,896,306035,651,274207492,1306,1,2023-07-10
UCEKUm3S2IREvHnCU0UPwM7w,マッスルランチ,https://yt3.ggpht.com/IFIDq4aWSVvmvDDlZPZN7Io-c4cVmb124z84nT29i62AiLdsAF9t02D9VWIkFmxZRAkyHXiq=s240-c-k-c0x00ffffff-no-rj,2020-09-09,168000,85,123888,62,10530506,1034,12,2023-07-10
UCSpf3XUdIGDy58i0vcL-_bA,藤井筋トレチャンネル,https://yt3.ggpht.com/ytc/AOPolaT0cdCxj6NvT0YLBUeLKbxBc4PknJtWYVsa24mM=s240-c-k-c0x00ffffff-no-rj,2018-07-17,194000,1580,23428,190,37017075,1819,1,2023-07-10
UCLPoFvYcnBTaJ0D0UMhm2yA,usataniうさたにパイセン/ギャルの教科書,https://yt3.ggpht.com/ytc/AOPolaSccKu6QjvJYcNB0RUqHmqkkUqiph9ZPaBQHfje=s240-c-k-c0x00ffffff-no-rj,2016-10-31,401000,895,226108,504,202367242,2443,2,2023-07-10
UC_65TBDO4vq8r_DqP9DVf4w,佐賀で筋トレカリフォルニア,https://yt3.ggpht.com/ytc/AOPolaSa5NhPlZQhjPibTtmEXj0CR4mNwi8dMORVQdBnVA=s240-c-k-c0x00ffffff-no-rj,2007-07-26,9130,563,5453,336,3070276,5828,10,2023-07-10
UCekRvgSv9Uqihvx0temm5_g,会社員ひろ,https://yt3.ggpht.com/dPi1566jmdDeLdenbxNE-dqepFnyt-0TyXf5bUuPnZXoqEy0koyO_yr_lacLjSN29RkhMtqF=s240-c-k-c0x00ffffff-no-rj,2013-06-02,10100,87,13054,112,1135721,3690,42,2023-07-10
UCOjKvnMhf-mvi0h85DMPGPQ,ターキーしんすけ,https://yt3.ggpht.com/5P3FGyE-6TfkOD3BDQ9mIY6ev4MqpX6UrUIdIm4pcKxkRcgAVSZBOO-5Fp2yK0q4fvx6EFIm=s240-c-k-c0x00ffffff-no-rj,2021-11-25,22400,362,57375,927,20769879,592,1,2023-07-10
UC-Zrs1kNTReEUfKWnDO_X4g,【THE WORK OUT】北島達也 公式Youtubeチャンネル,https://yt3.ggpht.com/ytc/AOPolaSPLibAcYTYCkIJvOe3EgbZ61xgNfOpq2BHed3E=s240-c-k-c0x00ffffff-no-rj,2014-07-06,120000,743,50343,311,37405543,3291,4,2023-07-10
UCiYhjjtrd-G6uHA9CbaJ-DA,パワーチューブ,https://yt3.ggpht.com/ytc/AOPolaQINXGZ9qySMAkRohaS3UAcIGHtkutmWFCtbkMN=s240-c-k-c0x00ffffff-no-rj,2020-02-17,59400,1245,78342,1642,97536653,1239,0,2023-07-10
UCxdDgTF_Ya58d-RIJEFVpLQ,News TV,https://yt3.ggpht.com/ytc/AOPolaSrrHDzk5fGzEsMIt_6Y06rdUZtNXWc7gLf337M=s240-c-k-c0x00ffffff-no-rj,2014-10-09,4870,1450,95672,28485,138725159,3196,2,2023-07-10
UCu20CiymKEXjlpXkUl2wsRA,グンゼスポーツ,https://yt3.ggpht.com/ytc/AOPolaSQAGAUQM7jCMBQVI9N0aRmBbDuAtHEz9ldhhdhGA=s240-c-k-c0x00ffffff-no-rj,2013-01-26,3160,863,1676,457,1446744,3817,4,2023-07-10
UCqeAYB1DMzfM-hG-Up52yNQ,つるおかかものはし,https://yt3.ggpht.com/jtVoBzy80W2ryRPdfAESWvCsna5T6UdWrpZLrT55FOAiweS7UneKjDqGKpYBzZ63O8IHahJITQ=s240-c-k-c0x00ffffff-no-rj,2019-02-09,194000,2061,95705,1016,197249358,1612,0,2023-07-10
UCKHMZUmGJeXD6wysw-3ur6Q,華金カップル,https://yt3.ggpht.com/ytc/AOPolaTIRyBDDqNACKL-G_48u62HE-5vds1wfxCM8zAj6g=s240-c-k-c0x00ffffff-no-rj,2020-05-31,600000,274,590447,269,161782749,1135,4,2023-07-10
UChwrU8Zucrx2W24Q0Ao-rbQ,村上哲也-健康・ダイエットの教室,https://yt3.ggpht.com/2ffCETBCV-LWjnjTYd7xXGYrZn9lFiV4OXIcKa7RuD9BlehfI9p7lRbdoW0pIsuJ1kK4fqiO0l0=s240-c-k-c0x00ffffff-no-rj,2013-01-09,7300,573,3077,241,1763144,3834,6,2023-07-10
UCZTDiI6v0wM8ciRseFWCkYg,ボクシング&フィットネスクラブフィットネスシーン,https://yt3.ggpht.com/ytc/AOPolaT3fImbJWhpJ_TjJpTJmHNMtR-HjV2mW1D8GLDY=s240-c-k-c0x00ffffff-no-rj,2019-11-24,309,153,618,306,94564,1324,8,2023-07-10
UCO3K9mreLgn5oHCLTbxosVg,筋トレダンジョン - 3分で学べるトレーニング動画ch,https://yt3.ggpht.com/ytc/AOPolaToEmN5tyUy81bcIZwjCCZ9rAPCm1CO-KawUSXqLpw=s240-c-k-c0x00ffffff-no-rj,2018-05-22,33400,237,28693,203,6800254,1875,7,2023-07-10
UCJcegeACQ9-2GxprHeaEb8Q,Shintaro,https://yt3.ggpht.com/s3lSGjpvTnGQQFYPytJMzvrSMnpTKHjfyn0zyonERVAYgR0bcWXPW4PlQzUn7oBlIGLoz5DHJQ=s240-c-k-c0x00ffffff-no-rj,2018-05-04,109000,421,60698,234,25554038,1893,4,2023-07-10
UCFqvC-U9_-EAjR_1PljsRIw,トーキョーフィットネス ,https://yt3.ggpht.com/yWdHeNCCCvoCUoFr4Nl1bvCO4TihcrjF41sfsl8DGeop96S-UBYcEYbo777mq7rrS2bSmP5YZGI=s240-c-k-c0x00ffffff-no-rj,2013-03-09,1000,135,1198,161,161743,3775,27,2023-07-10
UCqjFlXHlOXHqbX4TmNFj7Ig, 百獣の王 武井壮の帝国【毎日１９時更新 切り抜き】,https://yt3.ggpht.com/GAL_pdwG3duQHWpD3kIeg3pSrV55-XJWLNR0Cgt39epmFbop-XCkaPl677myJG75RWrc7fTo=s240-c-k-c0x00ffffff-no-rj,2019-10-20,1070,189,5036,889,951885,1359,7,2023-07-10
UCmTEKkOk6FuHX2_Glo6S4zQ,はあちゅう,https://yt3.ggpht.com/ytc/AOPolaQZJbxASBiIm5y5SsaGMtj8MA0Myw9NlekSFzm7wg=s240-c-k-c0x00ffffff-no-rj,2008-04-12,68900,630,187598,1715,118187345,5567,8,2023-07-10
UCJGJd9rs68lSlDCf3Ao5X4A,たんぱくとりお,https://yt3.ggpht.com/k19KHk9TzABDnLXNd18X32u8sR5ES_lnetKTEKfwbVuDzrNBlhWqFFQaU3-_a1QqbV4zyAKPkBc=s240-c-k-c0x00ffffff-no-rj,2019-08-27,64400,371,194218,1118,72054985,1413,3,2023-07-10
UCDTPZa_LsA5h5XxTrI9PSlA,NEXTFIT Kento 【身体を変える栄養学】,https://yt3.ggpht.com/ytc/AOPolaSn99AIX5JbaEho3sNvqKJc7rMjOS__pXhGiOenJw=s240-c-k-c0x00ffffff-no-rj,2017-06-16,98200,1151,27089,317,31180037,2215,1,2023-07-10
UCP5xSOpT4s9KZKg4DshmkTg,森下剛の筋トレHACK【ALLOUT】,https://yt3.ggpht.com/T_hZi5BLl49FptbEBt9TsfehcaZ2a5kZJxLlOxqpWb61gzoht70JPTVfFdpyI0eV23dX4bivPw=s240-c-k-c0x00ffffff-no-rj,2022-06-13,16900,201,12330,146,2478494,392,1,2023-07-10
UCkYku0jQOLmH-VAzUwJX4jQ,山崎恭介,https://yt3.ggpht.com/ytc/AOPolaTT6HqVNI7CnLBw93_8oW_teJT2Cl0BMU76pNDE=s240-c-k-c0x00ffffff-no-rj,2015-03-15,58900,1324,25345,569,33557282,3039,2,2023-07-10
UCoeYS4gfm_uk3dNfKTgWdsg,さいとう筋肉ch,https://yt3.ggpht.com/t6RusJBMcXNvCUeu-paCdcDCU-wBO16GcvcDLfdem5i1hwAMihF8Qepd4R4FetSbAEiEjaz8MA=s240-c-k-c0x00ffffff-no-rj,2019-12-10,2110,156,1557,115,243039,1308,8,2023-07-10
UCwywumWHI4_hQtZpJwsC8cw,高須幹弥（高須クリニック）,https://yt3.ggpht.com/4RQQ951QgWvxSOECFvCu9F6Dhdww845IT4tBKHz--tAfVuLgcecFe1mTTLPSy5bqxrNVBmEW=s240-c-k-c0x00ffffff-no-rj,2012-05-08,513000,2289,86359,385,197676041,4080,1,2023-07-10
UCziBPMjRe_vI4e83TCS9ekA,ノリ・マッチョな宝石屋,https://yt3.ggpht.com/ytc/AOPolaRsYydd8h8XtyAdgxdaLKhaHP7ynS242ntGJcI0UQ=s240-c-k-c0x00ffffff-no-rj,2012-07-23,224,59,2882,759,170069,4004,67,2023-07-10
UCVO8gAqMPOLecoPf582Rq3g,きらめき2ch面白スレ,https://yt3.ggpht.com/IpimFf505gFUeVUFgR6l2MCwTP9S6p3pvKQsf_F3RVcxEU1bEc9IQ8-aKSitD20Oc5oNrLZfmws=s240-c-k-c0x00ffffff-no-rj,2022-10-15,8440,28,101697,337,2847531,268,9,2023-07-10
UCY2lk1MDWLQiqIpzUzx-WOw,MASATO【無重力チャンネル】,https://yt3.ggpht.com/WE0HGo5I_mYdQS5DLGvLekIBu-ipa_QE6F1nFPg332MOF5BKLGQ52YKQyLTJy1HKNce8jxtF=s240-c-k-c0x00ffffff-no-rj,2017-05-20,48200,830,36625,630,30399486,2242,2,2023-07-10
UCeKMPnFAFvxKbqz1gK41wtg,モテ痩せちゃんねるー絶対に痩せて幸せになろうー【Ulyssesーユリシスー】,https://yt3.ggpht.com/CtNvS4nBneVKSm8klF5ywqvm6r1rlv0c7oVPWN5BvhTreGauWRlEdQDoq1_pfIFi8OxA0Vc4PkM=s240-c-k-c0x00ffffff-no-rj,2019-09-24,14500,541,12816,478,6933914,1385,2,2023-07-10
UCh5ylg222wJSWtoDGQPwXgw,筋トレYouTuber『CHANHEI』,https://yt3.ggpht.com/AF1SSMS7m6UWo8Tn83TKdK60mb9w-jMSjv1wJt9V6Z3WhjNsJcFAx0oBpHn6RZWqp0NFM4KcU2U=s240-c-k-c0x00ffffff-no-rj,2018-10-29,62700,461,110683,813,51024947,1715,3,2023-07-10
UC_M-QQfMbLmXykyTfTvsQXQ,アスリートの為のトレーニング、栄養、ケガ、コンディショニング,https://yt3.ggpht.com/yJIBeAnTwdKd1xJm1Xcv-qRRWpdbWSac18pjupcHydowsrtBWHhTGTj8zNzO7eo9pDi2Vj9SJjw=s240-c-k-c0x00ffffff-no-rj,2019-05-23,7110,606,13124,1118,7953722,1509,2,2023-07-10
UCi2jyedzz_igH8OaX7pdiKw,札幌プロテイン専門店EZOBOLIC,https://yt3.ggpht.com/ytc/AOPolaRLTYytctlFs3HRIHTNRX9AfvEomq0PGxaSFZD20A=s240-c-k-c0x00ffffff-no-rj,2017-08-15,734,107,1537,224,164541,2155,20,2023-07-10
UCQQOjf-Rf4N7fM2Ttp68WbQ,KAIZEN FITNESS 101,https://yt3.ggpht.com/ytc/AOPolaTcKcSps69U716bhvvhMohaW53FTZtpIOEy2nzr=s240-c-k-c0x00ffffff-no-rj,2019-07-08,20100,311,11146,172,3466417,1463,4,2023-07-10
UCmwD11j5W1E-6Cl7NlmUN-Q,Kazuto Fitness,https://yt3.ggpht.com/Ek3iMYQNbH0eQqiavCifj7ck5F0euAun2y1Ya6lc9jYfXdkHuZyT5g3Ui8Lj0wdVEBIx2C9I=s240-c-k-c0x00ffffff-no-rj,2022-05-30,1390,59,2918,123,172207,406,6,2023-07-10
UCDqfmS3ZHBEItfReXEyjksg,FitGainJin[セス],https://yt3.ggpht.com/ytc/AOPolaQwzD2vjyQUmCyQbEMo0PIEVBNIcBujR85bhysXOw=s240-c-k-c0x00ffffff-no-rj,2015-04-24,29300,155,38275,202,5932733,2999,19,2023-07-10
UCDdgz2IuX1QnGU-6J5NJDyQ,Yukka,https://yt3.ggpht.com/Y8z-TpUOF0PN92OEoqLxCl8JkQ95V8uJtEZH3441psbgbsTZGna8wg64X_p1-NVuDWiOUlvs=s240-c-k-c0x00ffffff-no-rj,2013-06-18,10100,252,5553,138,1399427,3674,14,2023-07-10
UC10FmJT40tGXsfQGereLBZw,ぽちゃHOME,https://yt3.ggpht.com/bIuLph3tMneEj_wb9A2ZGKhHt7Cf-5YlEJS4TMHTJyjrLgDdxnFHXNJIBpXQHxS5WuOIqFoxsfs=s240-c-k-c0x00ffffff-no-rj,2019-08-15,81800,1021,59494,742,60743806,1425,1,2023-07-10
UCrsmJoNlpuquQ3LMi3GAeuQ,水球のさとし,https://yt3.ggpht.com/qiomM-aTKFE107ODHGncDbVOdnteTKiOQzvp0l_XSkx6npCkiG33xrzdYCjTNdfATcTg4jru9Q=s240-c-k-c0x00ffffff-no-rj,2019-12-25,15500,332,148207,3174,49204735,1293,3,2023-07-10
UCWIcoQO5HQFNRkGzRDODCfw,５０代 肉体改造ch～無収益YouTube活動～,https://yt3.ggpht.com/IwZzloZIAjEDR97PGlGsbjsdtccvpoNZBMUMGpLVa31KbXB33YiqhnddXPMyUlALXrSBOxCaDA=s240-c-k-c0x00ffffff-no-rj,2011-07-27,20300,853,8623,362,7356001,4366,5,2023-07-10
UCb4-om3UY151Hu1uCR8Q19Q,MuscleWatching,https://yt3.ggpht.com/ytc/AOPolaR0B1nf3xyuKWa9mD76600GuOwkIjuUVZw-ldb8yg=s240-c-k-c0x00ffffff-no-rj,2007-09-17,2340000,5089,113018,245,575152396,5775,1,2023-07-10
UCAjoVB20b6WfyaoUW0KQ6CQ,こはる【食いしん坊ダイエッター】,https://yt3.ggpht.com/4JlmlNvWmndeRdQd6IubrdLbvXi5w6O1QPUVyqperZnwjWSdOSAxWkA8loMkajnUtCFDps9z=s240-c-k-c0x00ffffff-no-rj,2022-03-01,7830,123,30084,472,3700419,496,4,2023-07-10
UCpm3lAYEi6syfPKU2iAZ2gQ,筋トレTV,https://yt3.ggpht.com/ytc/AOPolaTCT_qR_Og3xvP7Bvm8ckKz_rO4xk3nDgoCqQu8=s240-c-k-c0x00ffffff-no-rj,2007-01-28,68900,892,51076,661,45560412,6007,6,2023-07-10
UCHn366V4A_YFBoFWM20xNQA,STYLESHOWN GYM,https://yt3.ggpht.com/3ZxppBLPwwaZKEWvgL9qkw3JpirMsg6CFPCaqV4bkLeSEXv0jaO8Wl2pNuBhAZb3flC69KdzTQ=s240-c-k-c0x00ffffff-no-rj,2022-06-27,852,254,613,182,155821,378,1,2023-07-10
UCMy1QkQzXch5ridvCPexGng,ダイエット頑張ってるよチャンネル【2chゆっくりまとめ】,https://yt3.ggpht.com/mGFxMQ7WzZhUTO5_AgOBylEikLjcPznmCOMO4CBcpMofJg8O_Ih1jvSYTuVPrk9vT93dP_xYfTI=s240-c-k-c0x00ffffff-no-rj,2022-10-30,837,11,12870,169,141575,253,23,2023-07-10
UCzpvIal1bRMX0-59JWTv8Kg,しらかべ整体研究所,https://yt3.ggpht.com/CMaIjDVMzMh5f8ptYRh-gXlAkH68h3VNLZqCcwm77veL69Z53Evn3VMgPHdJt0N-O5VVbcuk=s240-c-k-c0x00ffffff-no-rj,2014-07-27,11600,137,17600,207,2411290,3270,23,2023-07-10
UCUxgdP02xhhCv4xaKiloThw,パーカーフィットネス【Science Basedトレーナー】,https://yt3.ggpht.com/pQd-h7GhkC65KkB1Wu0VVBse_u8AZh7soRxmGqybOc_hx8R1ViDnWuxqoHjMlOedpTJOPNnZ8pA=s240-c-k-c0x00ffffff-no-rj,2020-03-30,72000,234,57288,186,13405426,1197,5,2023-07-10
UCyQgZ8tDx6wVzA8hEuPUufQ,YouTube歯科医師あつお,https://yt3.ggpht.com/ytc/AOPolaT7lgHI8zhMSyz7gVW59_NiWzXW4ls6KrOrfWtp=s240-c-k-c0x00ffffff-no-rj,2019-07-22,2760,8,478,1,3829,1449,181,2023-07-10
UC-HXGNi0KeGs16kX_4pEMSw,きたみのり・アスリート栄養ちゃんねる,https://yt3.ggpht.com/KnVdZEPK8D8Y1XbM-TYbul_O6IXWR_w-XJ-KnQ-KEgjejkDg5XqZagKKBy0kYRzrnARqXKX-BA=s240-c-k-c0x00ffffff-no-rj,2020-12-11,2400,496,702,145,348347,941,1,2023-07-10
UC0gex8DAn_KPhHk8ywpEBIw,黒人サムライKOKUJIN SAMURAI,https://yt3.ggpht.com/FWp_8oxyBWFrwd4zhhe0UiHqQ4HA35nzkWgLlFfnUjoF_Eje3ud4czrO_iSB9-LzgvJK2JIX=s240-c-k-c0x00ffffff-no-rj,2012-08-09,126000,1094,61728,535,67531126,3987,3,2023-07-10
UCESjHf64Wqtx7fqT3Az6-ig,筋魂,https://yt3.ggpht.com/ytc/AOPolaTXqhvBqu6glaTmv4mI0Qr6YMaszxi4KxjZTZYJ=s240-c-k-c0x00ffffff-no-rj,2019-12-18,37400,535,42279,604,22619365,1300,2,2023-07-10
UCvkONtQeedmJC6IBd1keqTQ,野村昇平 S2BodyMake,https://yt3.ggpht.com/ytc/AOPolaQb8My3iKrQ-EnxSQRbyO3LIta4j7zhO5-0ijKH=s240-c-k-c0x00ffffff-no-rj,2017-05-25,1350,77,2360,134,181788,2237,29,2023-07-10
UCZvRN39x0Khd-163PPaagww,マイプロテイン公式,https://yt3.ggpht.com/ytc/AOPolaRKe60CJAGZsmj-i0_fpfeBRGdgN_4deIVFwk1F9g=s240-c-k-c0x00ffffff-no-rj,2019-02-11,29900,242,18400,148,4452887,1610,6,2023-07-10
UCAGYemrRwcXweurW3en3y-Q,ゆっくり楽して痩せたい,https://yt3.ggpht.com/NXJcHAqhRgnitomQkUy5Tz7URp14wx0ccji2YFNO2zD_jd_EN7EsgwbmhAhiwIugBFrECoQN=s240-c-k-c0x00ffffff-no-rj,2021-04-27,1870,38,6409,130,243574,804,21,2023-07-10
UCSbBrzm7jMKwQV93CsDS39w,MELOS -メロス-┃スポーツ×ライフスタイルWEBマガジン,https://yt3.ggpht.com/WOHIKAvfNHsvfPZYQW1sgHCliw3PYKxpQMW2_j3dRErmQWq5LRuo_f-NCGL6Hh8EzDiwrS7QKA=s240-c-k-c0x00ffffff-no-rj,2017-06-28,94500,1216,14800,190,17997388,2203,1,2023-07-10
UCpNscNrc0-ygg_-GZ6OG0wA,Nature Fitness,https://yt3.ggpht.com/ytc/AOPolaQHeNuszWgifQni1wXlrvENDzVln4rDMNlfGV_YKw=s240-c-k-c0x00ffffff-no-rj,2014-06-22,36500,212,38343,222,8128768,3305,15,2023-07-10
UCAQzBBY-h4LFpkLj2hSgVpA,ビーストチャンネル,https://yt3.ggpht.com/ytc/AOPolaSy3Q_QMqvExTRR3vy7Z62F77ZQfk5hNn3gLulTtA=s240-c-k-c0x00ffffff-no-rj,2016-02-11,20500,871,7265,308,6328498,2706,3,2023-07-10
UCdv1pEMzoqZQ3JNwCji31Zg,旧・パル内藤,https://yt3.ggpht.com/OXGFr6OT7ORWI6ufLyHPhXB4s1FL-GNQs3CpSRK_wxWq8AAXs2yZN6MqC7M9JXxVlRIjF4biFUQ=s240-c-k-c0x00ffffff-no-rj,2011-10-04,1200,446,443,164,197973,4297,9,2023-07-10
UCcRKrF2_FgoZdbh0SckvwBQ,Nakamae Yome Channel,https://yt3.ggpht.com/ytc/AOPolaT_JiumAEZbdjXu7kzkj6o6Q3xM1eyFYDdW8tzN=s240-c-k-c0x00ffffff-no-rj,2020-04-15,472,160,329,111,52679,1181,7,2023-07-10
UCydTxzmb3iM4pplaqUgtXkg,FIT Search Channel,https://yt3.ggpht.com/ytc/AOPolaS72A3ywEBM2ra1tr-BBX7yYJwAhcWPFZya3WlE3Q=s240-c-k-c0x00ffffff-no-rj,2015-10-06,14700,145,58365,575,8463025,2834,19,2023-07-10
UCCVcyPaaypw0EzzShjcPQBA,MrGinpc,https://yt3.ggpht.com/ytc/AOPolaR4drDg8R-mSwzExFypKHswQJS0p-ndH7iZLO2P=s240-c-k-c0x00ffffff-no-rj,2011-06-14,1360,104,17006,1300,1768692,4409,42,2023-07-10
UCWdXpmB-NqPfm53SmwqpGUA,247ワークアウト公式チャンネル,https://yt3.ggpht.com/kDR4BJYYpcEH2OQTg9Sp3n6kV09psssHB5esw9dtTB384vLHgVE0MxX1LAVsFLJAVF-fgjw7T7I=s240-c-k-c0x00ffffff-no-rj,2016-05-18,2780,95,6025,205,572419,2609,27,2023-07-10
UC9F-z85vnkS3Z279Dc66-oA,筋肉トーク好き集合!,https://yt3.ggpht.com/ytc/AOPolaSsRxeoGl-VdkMcpWBEz_S0Fwb9nYH5ZWOyZNaYHQ=s240-c-k-c0x00ffffff-no-rj,2017-10-22,19500,117,32535,195,3806691,2087,17,2023-07-10
UCwRwRw6bdG6JtGAjH53Mk8w,山岸秀匡ノウハウch【切り抜き】,https://yt3.ggpht.com/tMkV4V7qMq7tR4jUKw-Q50bzzUyu3ZQrZuGhd28DvMN5GgPrME3BvnPHv9o5LSSAM9Sp3DAL-yI=s240-c-k-c0x00ffffff-no-rj,2022-09-27,715,153,6701,1434,1025361,286,1,2023-07-10
UCdhtkmrlj7Cvfb7HZCEcBtw,ヌリヲと科学,https://yt3.ggpht.com/CC4O4KLA8TCm7GHeSS2lMVe3BwL6Q-ju1WUtAi3oiJIQiHsCIOFoc4syhUlUKrxqj6Am6SSr-w=s240-c-k-c0x00ffffff-no-rj,2020-10-28,1410,57,5722,231,326192,985,17,2023-07-10
UCJ7uZLd86qyEqO1K-VVT2Og,古屋裕規 : 筋肉映像フリーランス,https://yt3.ggpht.com/ij6c262m6PpXQ_5_NiW3WAMCnm5GuR_I3b4tUlnawtj09s002MALknbnJhPR-7iENEvLfRJvow=s240-c-k-c0x00ffffff-no-rj,2014-01-12,9190,128,18401,256,2355433,3466,27,2023-07-10
UCmqdYUK8F6w8HkPJrRsdtcw,山岸秀匡 名言集【切り抜き】,https://yt3.ggpht.com/hIkVAvSZd2zda9q2ixF_YEjmnSrF8PTfjUb85JFZkmzfukLHkw2g-qUNZhF9tKs2BdSwYFgA-8I=s240-c-k-c0x00ffffff-no-rj,2022-10-30,432,211,1087,531,229556,253,1,2023-07-10
UCjrqSCZLVsgWFpa5gl8HJoQ,Fit Axis,https://yt3.ggpht.com/ytc/AOPolaSXgQsBOxX47tSw_lLpdQ7SnqVykkU7jds2UHnw=s240-c-k-c0x00ffffff-no-rj,2015-08-19,5690,128,8480,190,1085491,2882,22,2023-07-10
UCJZTyhMVzt96Kz1R0vNwfXg,にしだっくすマッチョ道,https://yt3.ggpht.com/LEgn7xgDRTSE8K6GN6FUJ0PMghy-6R5zvmQ0k8UkLJ4RmHCNwfyqbRVlLtx39LQGAhPcQpyp=s240-c-k-c0x00ffffff-no-rj,2017-12-04,2950,372,2281,287,848811,2044,5,2023-07-10
UC_3W4LTy98RmivBUpa9f4qQ,山口絵里加CH温活DAY,https://yt3.ggpht.com/xElU4N620zEV0W_ZD5H1yi4QogjmX3ceo6zXm2Rf4esXfbyn6sPxnpXbJ5Jh32G9R5P1w8P8=s240-c-k-c0x00ffffff-no-rj,2011-12-29,134000,675,33779,170,22800991,4211,6,2023-07-10
UCkW2HUkwKioyksxxkpvH1mQ,ダイヤの原石,https://yt3.ggpht.com/ytc/AOPolaReLcuynxlgyPa8Nnswnwna1uEKfyeGd28W1ZG3=s240-c-k-c0x00ffffff-no-rj,2019-04-04,15500,668,6047,260,4039994,1558,2,2023-07-10
UCtEEzpgbJSgIqr9WALyu5SQ,Shimon Mochizuki,https://yt3.ggpht.com/ytc/AOPolaQ8bx_kJKgDpDiIm084pBIdbZlZpkj-Cu8aR_t1DA=s240-c-k-c0x00ffffff-no-rj,2015-08-23,14900,283,17300,328,4895917,2878,10,2023-07-10
UCur_Hdlc1Pq2eOGVSwP1L0w,RIZE AGAIN,https://yt3.ggpht.com/FGKNrdtEYQczVu_8dyNfyRO9_E9kuvKDDVKRRiZ6cG66mcHN8C0np7TRMHqdTKb-5Ty9d9l7=s240-c-k-c0x00ffffff-no-rj,2021-08-08,919,15,5333,87,79996,701,46,2023-07-10
UC1MF4QvvvNIpogR6eCcUHcA,筋トレカウンセラー軸丸謙吾チャンネル,https://yt3.ggpht.com/4nZ0Q8hEKlfl24OO8Gq7sv0igGv8LiMqmMwDP4jLxXUgXbNNapH0QXhdf8bbYIaQo6QOKX3tPP0=s240-c-k-c0x00ffffff-no-rj,2016-09-28,1150,1290,393,441,507783,2476,1,2023-07-10
UC3nxalfo0dZ79qv8zXO6e-A,MONSTERsJOHN TV【ワンピース考察外国人】,https://yt3.ggpht.com/JgobCEqtx_Kdrc4uT1uPRZ6LatQcU-pepx0Dlk417dmN4xt_XaMbYFB6BTxLSsbU1XszsC4i=s240-c-k-c0x00ffffff-no-rj,2013-08-08,462000,2947,100076,638,294924546,3623,1,2023-07-10
UCyyarsrT2I1U5L94elPeHsA,長谷川ろみの腸活研究所,https://yt3.ggpht.com/vreF42boCVxNjZHWbm617AGGq-3-8WsTXMO-oBB3oD7596b_el0dhi6qOB5gKYjGFqnClpRFVw=s240-c-k-c0x00ffffff-no-rj,2018-05-06,7640,261,3441,117,898210,1891,7,2023-07-10
UC-lQj-ApA6D617YRmKyRaVw,横山チョップ,https://yt3.ggpht.com/ytc/AOPolaS7vqtZsWJJXZBDyX8dmhwcMZ655J34M9Qz6Iyf=s240-c-k-c0x00ffffff-no-rj,2020-04-13,2440,213,1110,96,236435,1183,5,2023-07-10
UC9OK5GMugY9Y7W9nUpJZtJA,糖尿病Type1の日常チャンネル,https://yt3.ggpht.com/JpN4MVvef5-9cCHkr0g8wydA-LdHu9UR17G04ru3c_p5d24vlUrjmHYPiD8mNMC0nNLALlFuLQ=s240-c-k-c0x00ffffff-no-rj,2020-08-08,2740,646,1192,281,770604,1066,1,2023-07-10
UCDM5PgYHbAmieMdcFmlGCSw,Alek Lifestyle・Fitness,https://yt3.ggpht.com/UF69OWB6VAKZD2ydCJT8PGM3wllkUf5RhnG2kA9VtQQ6nOJ8etGNCsIY0YR3ZJNCmyVXV2b9=s240-c-k-c0x00ffffff-no-rj,2013-08-11,39000,170,47825,208,8130301,3620,21,2023-07-10
UC6I3M4ACgGMDj4P7BrThVdA,しわりりチャンネル,https://yt3.ggpht.com/LBkDT93J6ajjvwGUP4V6-0fRYPXS29542Z_JazTq0Wv8zayD-PZumGDrBoF5KeVKoSBkAEtRwFg=s240-c-k-c0x00ffffff-no-rj,2021-01-24,636,107,2610,439,279316,897,8,2023-07-10
UCYibSXv5OAcdrnmldKY25zA,蒼井シュウ,https://yt3.ggpht.com/QWwLCwC2OOGHUcNmbPkXbEFeUv1bwhGiUX-_3knvGjQHyT6Qe5fGGclnUzpt-Wh9aINbofHh=s240-c-k-c0x00ffffff-no-rj,2022-04-16,1440,85,830,49,70627,450,5,2023-07-10
UCMeouT0ZQgi5CP3AkoLMcUg,サバンナ八木のYAGI TV,https://yt3.ggpht.com/ytc/AOPolaR1Y1b-r9wQF1ddhB5nwdqeZjBy2KaeghlTcO7BKQ=s240-c-k-c0x00ffffff-no-rj,2016-11-05,4460,317,4611,327,1461960,2438,7,2023-07-10
UCtdcbXSJmPBNrJVdtp9_JPA,Zico39ちゃんねる。,https://yt3.ggpht.com/ytc/AOPolaRGZPb_CQdtdlgE2g6TP7iTCtS1m8jni2HGGS78mA=s240-c-k-c0x00ffffff-no-rj,2016-04-17,14600,2347,3355,539,7875626,2640,1,2023-07-10
UCbaL1iMUMP29mEDx1Qb5GMg,ビコーン!BIKOON!,https://yt3.ggpht.com/d8uU116ofWhCuDnQr9gDL-01CJXtt_yg48xW1n_9BLwIEswLU3M-IPjo6HUqFsvXjHWhSI-maw=s240-c-k-c0x00ffffff-no-rj,2011-12-27,103000,1091,101879,1079,111150063,4213,3,2023-07-10
UC_lJlB484Va_s6gR__LtKOw,myungミョン,https://yt3.ggpht.com/ytc/AOPolaTZix2KayiTEQQEF2U5GRlZhi_yjc9ipCzvrFCS=s240-c-k-c0x00ffffff-no-rj,2017-07-01,20900,103,31829,156,3278454,2200,21,2023-07-10
UC-7woWCCAibuGsSDNKzmwvQ,Hige Cam,https://yt3.ggpht.com/G2xdnjGIu4_-LZJ7CqUlzrO6xqO7HeFrsgy-MJMo9xZuYhVa9X4-MAo1mbG_dOHp3KiGp4S47g=s240-c-k-c0x00ffffff-no-rj,2014-06-24,3580,708,2744,542,1943232,3303,4,2023-07-10
UCcTSuDI7IVmSSnYQUBX-j2w,まっさー,https://yt3.ggpht.com/9eWAALr5xYlHCGB90gls4tbikA-6UaTi3SasKrEqRAIqffEJxyF-aV0I14BUpl2AfEwCTmeRvw=s240-c-k-c0x00ffffff-no-rj,2018-12-04,294,508,831,1436,422401,1679,3,2023-07-10
UCGsJWBg-KBBsYFVj_d0KDiw,ひかるのノースランドCHANNEL,https://yt3.ggpht.com/ytc/AOPolaQcOUG-7UshEiEwCHHFLs-rKIcWkV5NCsv4-FEjzw=s240-c-k-c0x00ffffff-no-rj,2010-04-08,20200,1623,3611,290,5861330,4841,2,2023-07-10
UCBYm100UfuQMou5zegDyYjg,美容トレーナー松本,https://yt3.ggpht.com/mbMm-Ih3BMTUmyleFo-4CStU3U5dpZb4YameKbio8KEHBJUW5tmNzQ8x27uWi4tuFCHYykqs=s240-c-k-c0x00ffffff-no-rj,2018-07-31,449,19,22888,968,434880,1805,95,2023-07-10
UCB3ipthevKDw8bGqheNgNbQ,セイオンマン-SeionMan,https://yt3.ggpht.com/ytc/AOPolaSy8SCE73PNxumGWHGl-ZqNaqpydaqECRYOn_Bi=s240-c-k-c0x00ffffff-no-rj,2021-02-06,3360,48,2230,31,107081,884,18,2023-07-10
UCa_2IFsFaNW8uJs3soBlwaw,[変形合体]アソブンジャー/ASOBUNGER,https://yt3.ggpht.com/ytc/AOPolaQrh2Jvc0my6lZBWG6fUH-kiZXqvc_eiFJ3eiWlUQ=s240-c-k-c0x00ffffff-no-rj,2013-12-02,106000,1206,104459,1188,125977953,3507,2,2023-07-10
UCGdvI4T7WEP6jWCYfIFodSA,[変形合体]アソブンジャー/ASOBUNGER,https://yt3.ggpht.com/ytc/AOPolaQrh2Jvc0my6lZBWG6fUH-kiZXqvc_eiFJ3eiWlUQ=s240-c-k-c0x00ffffff-no-rj,2013-12-02,106000,1206,104459,1188,125977953,3507,2,2023-07-10
UCaCB0_FDpXuMWDHlasyvOoA,Sugata-姿,https://yt3.ggpht.com/LTlwHVHH8-di7N6pk8neYjdW46Vsib6qh8T3b0aabNZLnwguwyXEByOEKsXonx9Lo6NicuT00g=s240-c-k-c0x00ffffff-no-rj,2021-09-21,67,47,2035,1427,95660,657,13,2023-07-10
UC67__eYqLmnnQSqup5plRjA,M.A.D格闘技チャンネル,https://yt3.ggpht.com/ytc/AOPolaR701lZmg8aSUaABp50q_VIbnxl8mY1wGIISSJw=s240-c-k-c0x00ffffff-no-rj,2012-12-08,2660,181,15042,1023,2722632,3866,21,2023-07-10
UCc7JHJqms7bxCuLynpo_msQ,山岸秀匡の格言【山岸秀匡・Hidetada Yamagishi】切り抜き,https://yt3.ggpht.com/aPEL7qvJZgCNRSnSfYMSxFESinAj9yMrtsi3_vSNMA1CbsoDd7IZNHNqQnNsgKL6x_IuHMWsCA=s240-c-k-c0x00ffffff-no-rj,2022-02-16,2360,72,21768,664,1567315,509,7,2023-07-10
UCR2D0XF3o2UJxAkaetjPaCQ,中年親父のまったり筋トレ部屋,https://yt3.ggpht.com/ytc/AOPolaR9PNWtoHa-Pqsafip5dTLtwWcNGAsIY7gRPG9g=s240-c-k-c0x00ffffff-no-rj,2008-06-12,26600,810,10907,332,8834763,5506,6,2023-07-10
UCTB6Q590SASaExvCxgkbK1A,ゆいまる,https://yt3.ggpht.com/u-hWxAezQq_L4ym0DHcwztFdqAgo9-RJa3hIvFvDBt5ZGw9h0pCH9ZYHto8zl3y9Yevno4CyfA4=s240-c-k-c0x00ffffff-no-rj,2020-08-08,213,42,1441,284,60555,1066,25,2023-07-10
UC2JbjzTzPBM53eq9aOXrYLw,MINTA! 《ヘルシーな生活》,https://yt3.ggpht.com/ytc/AOPolaTiHRtk1DNxvgQHwZQpPkynvmsdCdfGAk4xxu46=s240-c-k-c0x00ffffff-no-rj,2020-04-23,8540,60,11269,79,676185,1173,19,2023-07-10
UC1Cb3gC_0zAorRZc5rEDLxg,痛快!モモちゃんねる【2chゆっくり】,https://yt3.ggpht.com/lk5BrDfhPmZOMuOseLAHDMnW5_ONRh6Nz2_Yy8oHEJAUcB7dGaGH_GYUqqFkuuwzd8_knZvxFw=s240-c-k-c0x00ffffff-no-rj,2022-04-04,2910,75,1167,30,87553,462,6,2023-07-10
UCdw2dta-nJnYgzqam7uGy_A,ユト【HIIT】,https://yt3.ggpht.com/7kpIgLmj46qESlUUFXAm6qA2z7KRZKukeAY6vvrHM_RZiLdMknbLc3kgz9klxlwASL3LlCzxzA=s240-c-k-c0x00ffffff-no-rj,2021-04-04,500,97,1169,226,113398,827,8,2023-07-10
UCdhSEJAiHZIjvVAe4_yRF_A,おっけ／決闘値上昇チャンネル,https://yt3.ggpht.com/_ftBXA_2ZjJ9D7_WMN4A-5npDQloPjdgKWpyy-d9R_Nt6QV2J1Bb_4DAlVZpr9857LKqWOfQKOk=s240-c-k-c0x00ffffff-no-rj,2021-04-22,779,138,2372,420,327443,809,5,2023-07-10
UCBa_fd5xoeUBtSfGh9NFJWg,山岸秀匡の極意 【切り抜き】,https://yt3.ggpht.com/pBKCs37F37I-eRQ9JWn-1nz6I3MrI4gv2iStqWm9wE8EMA4juCmSGcfe6leX1XRp6bACXbWxPgQ=s240-c-k-c0x00ffffff-no-rj,2022-04-01,2990,139,16524,768,2296847,465,3,2023-07-10
UC8ABVmcHP68ytZj2I-d7WYQ,べじヤシFitness,https://yt3.ggpht.com/P3eT6_xE26CzBzvZjwnKMrgKe98h9u2NiKplGXb7VxgrbHMVM3PUp8Im1Uv45HWHP0E2lr9KnQ=s240-c-k-c0x00ffffff-no-rj,2021-10-11,459,35,4395,335,153856,637,18,2023-07-10
UCnurMWoO3fjayuZBBLjhPfg,ショッパーさん,https://yt3.ggpht.com/ytc/AOPolaRjFNg2vQrzseiq4WKtVgd29LuYVzShWfJuK4Yo=s240-c-k-c0x00ffffff-no-rj,2018-06-19,680,66,7839,760,517420,1847,27,2023-07-10
UCVWU_451sC9YLOF6-_IaUlQ,日本健康大学-Japan health university,https://yt3.ggpht.com/RPpHAtVWxfdpLIaXn8M-CZQxem5wGCyr5aD_4bAR96fNHsWCG1hUsF4aOcfIEnT1or9u4UpSy8w=s240-c-k-c0x00ffffff-no-rj,2020-04-14,1140,121,2892,306,349957,1182,9,2023-07-10
UCvi3LrUNJRRhyfb06_tm1Ig,すごいよ!!ショウゴさん,https://yt3.ggpht.com/ytc/AOPolaSAAzcAck1vcGnBY_swJbRs8o80I_d_jI_qQ7ug=s240-c-k-c0x00ffffff-no-rj,2020-01-05,174,166,357,341,59335,1282,7,2023-07-10
UCZXq0PO0uOZEM20_1-FvSng,肩尖りたい20歳【筋トレ大学生】,https://yt3.ggpht.com/VRIV17k6rl7EX2iK2H4we5P3iw7X2NICwwHxN3sCIHvkMyEWtZPyuEeuEzOL2zYYU_GA3NErUI0=s240-c-k-c0x00ffffff-no-rj,2020-10-14,6260,80,119060,1521,9524811,999,12,2023-07-10
UCakBUrUyXF8fUUUro63n41g,Shuichi Toda戸田秀一,https://yt3.ggpht.com/ytc/AOPolaSmooDQ1SQTuD3QwDCYqQnG0CEpPnKb1V-CgK9R_A=s240-c-k-c0x00ffffff-no-rj,2018-04-26,16700,118,29259,206,3452619,1901,16,2023-07-10
UC5Zu6_xxUtrgpbEdn2QvKzw,Physical Education － GTA channel －,https://yt3.ggpht.com/j7VP7SwjuRxOKABdbb6AOfxt7P-UGyEWXbm9m7TwqgHjfcb9bW0OfoSI1cgBH254TmBPEmgjFDk=s240-c-k-c0x00ffffff-no-rj,2016-02-05,375,30,2170,173,65115,2712,90,2023-07-10
UCNYjyXvYV7YZ-sMxcBNM1xQ,サラマッチョTV,https://yt3.ggpht.com/ytc/AOPolaS0hL8ei1fj55OWLqz3xYrbIQ_QCcwBVBAYZEvI=s240-c-k-c0x00ffffff-no-rj,2017-04-02,31200,495,20033,317,9916427,2290,4,2023-07-10
UCsKk4ky0Dic7yyOLiKfcx2g,ナチュラルなタンパク質,https://yt3.ggpht.com/dklsmA47W1ltm8qKxhstLi7q_rwrerWWXN2BY-v6LtxOEiwSvvWNPf9gm_ebirG_BpT4L1N3P2E=s240-c-k-c0x00ffffff-no-rj,2016-02-11,1870,91,1807,87,164473,2706,29,2023-07-10
UC6jJR8eezx6ZnJHFXOGbRzg,サプリンクス(SUPLINX),https://yt3.ggpht.com/ytc/AOPolaRagPT1vkkzEUSAqMbqJfydxxH3MXHk0-2mgo8sxQ=s240-c-k-c0x00ffffff-no-rj,2015-06-08,2140,211,4179,412,881949,2954,14,2023-07-10
UCACc9DUiVIQG_J2-Du-IhZQ,Yuuka fitness channel,https://yt3.ggpht.com/WRkrWajZ8XpSUuudL-1-XyEZ_5qPHsZHZ4ZRpLIkJ1CvJdFSdJetjx4P492qxpHDE7mezjZkc7A=s240-c-k-c0x00ffffff-no-rj,2013-07-15,714,73,1077,110,78624,3647,49,2023-07-10
UCSHZVWj5UNYmCUFuFR7JF3w,俺のクッキング,https://yt3.ggpht.com/RXue6hOijwOfEuKCNIpfITL2PsZc3qEnNuRJ5jCbMJGymA9ndESmMQOBHJelWdXNj_eukmxR5Q=s240-c-k-c0x00ffffff-no-rj,2022-06-27,32,13,699,284,9093,378,29,2023-07-10
UCmWWy9amwvoopGIjQPD86cA,さとこFIT,https://yt3.ggpht.com/p0Tcc4mVqR67PGMM4ynsrJ_E3BUleR89_SyuYibBkgeMQ4kBBQuecsSV8OazOnQe6W-KAyk5Og=s240-c-k-c0x00ffffff-no-rj,2021-05-06,4260,144,13444,454,1935991,795,5,2023-07-10
UCSZcAq2gftLPPbrcfvBzoyA,三吉勇治パーソナルトレーナー,https://yt3.ggpht.com/ytc/AOPolaQbZuGt_uai6X7oMtjbAWmr8t5Qub291orJ5wPt=s240-c-k-c0x00ffffff-no-rj,2015-02-19,277,336,362,440,121900,3063,9,2023-07-10
UCZ0qcPV48cnIh8ZXQ0s_IQw,えにしChannel,https://yt3.ggpht.com/CITqjUEf60jf1aRBcdGEHy3VbEWeEOhjUMck_Bm1StzS4czTbneMi5bo49k67EYqeMSYy05JXQ=s240-c-k-c0x00ffffff-no-rj,2019-10-16,976,188,1051,202,197588,1363,7,2023-07-10
UCKBx95ALYP4zBhSURrNSaKA,BIG HIDE のmuscleサプリメント,https://yt3.ggpht.com/I9qt-HqrZRMEigiuO1nmh1VNshn01vLAC4GFLMHxXWAC_zvXOwbbpMBTyy70QWoTbvxjPOLE=s240-c-k-c0x00ffffff-no-rj,2022-06-26,601,158,2421,636,382573,379,2,2023-07-10
UCmY5MqvU1De2dhFKc_hjmLw,海野ユキ,https://yt3.ggpht.com/ytc/AOPolaSnhsQ2MkwsRR9ZixSNCNp5dEvf9w4H6FUiw6DkrQ=s240-c-k-c0x00ffffff-no-rj,2015-08-28,10400,468,11841,532,5542019,2873,6,2023-07-10
UCgndtd-3vuPHddt9MDFmeeg,筋トレシピ -MachoMeals-,https://yt3.ggpht.com/MPmO5YDlVU5NiqhtuZu9bN32PkVASU6-Xrkux7-aA_sTo8ttxD3DzN2xSqZgvLl_aD4KpLIepQ=s240-c-k-c0x00ffffff-no-rj,2014-12-19,48,41,789,674,32355,3125,76,2023-07-10
UCxfm0RpVMuXrMFMjE1XQCVw,リアル刃牙KYOの筋トレLife,https://yt3.ggpht.com/pDzVepNSsLUj9pdGyZ9LqMI5b_HjTh--0oJJHDWwUbHIN9Sxmu9vapjDDpy3sSy2utAlAf6t=s240-c-k-c0x00ffffff-no-rj,2016-11-08,90000,1358,33154,500,45023164,2435,1,2023-07-10
UCiR_Opp_HwXT8_CMRm1WmBg,Nチャンネル,https://yt3.ggpht.com/ytc/AOPolaQZrY6dVZLUgWxTH-dpsYOMkTnqr7VSOYzzark3=s240-c-k-c0x00ffffff-no-rj,2020-11-12,340,78,2594,595,202380,970,12,2023-07-10
UCH8_t2KGDBmzryV6YwcduVQ,グッドサン山口,https://yt3.ggpht.com/3uINlmS886WdBDVYfv6-FM0DcjYeXQTj0pceuLxrn2wNVmvG3ftyTE-NPh3_MdkJrb-Tm5FY=s240-c-k-c0x00ffffff-no-rj,2021-06-18,9280,171,8598,158,1470277,752,4,2023-07-10
UCsHL_L3gk_FMUF9xYMZ794g,角田聖奈の満腹美尻Life,https://yt3.ggpht.com/ytc/AOPolaSpWTb55n2_NXoc5V04wgFowGs3W8DKq93nBJQc=s240-c-k-c0x00ffffff-no-rj,2019-08-29,6000,120,4674,93,560949,1411,11,2023-07-10
UCSSJioBa2CpHGTcKz4VGzSQ,Taku Seki,https://yt3.ggpht.com/ytc/AOPolaTIxJmjFUKMiVuKiNHYRoWN8ARItuma86xhQyAD=s240-c-k-c0x00ffffff-no-rj,2020-02-18,298,252,754,638,190162,1238,4,2023-07-10
UCni4XkCelitzpePaZq8SvAQ,FitAgo!の身体づくり情報局,https://yt3.ggpht.com/y6MO3P5Ho95wPhUcVM8AAEqOmHKFvZWj3tHqgLrjwCAUp35lZWc5EHASSB_H576rs01FYxYjWg=s240-c-k-c0x00ffffff-no-rj,2021-09-22,233,163,304,213,49674,656,4,2023-07-10
UCayuPIn3Mvy_ZNSkyw71NVw,人見知りマン,https://yt3.ggpht.com/UioKt_TYuKgZBQgyp7kjxfMwUaUp-eIyPKmND7LsVkp3ZIgxG6Uwq_oJX_bc2IIq6DvCIbNg=s240-c-k-c0x00ffffff-no-rj,2020-02-17,5120,144,3079,86,443515,1239,8,2023-07-10
UCJe235rEO_6E6qRS5uNPSHQ,タイラーの日常,https://yt3.ggpht.com/o_K4mIV9cDe6Fn9coPOELm2yKHRA-ulWp0ShkJz_u9oYdJ44nez2s5WTZM9CdL-BsBYs_987MA=s240-c-k-c0x00ffffff-no-rj,2022-03-25,91,23,1260,318,29001,472,20,2023-07-10
UC-Gx4HL5onjs9VwsuJdj58Q,筋肉計画,https://yt3.ggpht.com/ytc/AOPolaRCkzRVcLYRoNtgl7wIVQTeID26ZYL1lAw50_-wcg=s240-c-k-c0x00ffffff-no-rj,2015-01-14,5500,222,9255,373,2054625,3099,13,2023-07-10
UCcVmkQETFF5Q_61_9nd6GVA,Sayorich,https://yt3.ggpht.com/ytc/AOPolaS_j5p17FhewfynK7TvmjTk7DDB41HMN8BPDfFB=s240-c-k-c0x00ffffff-no-rj,2019-11-27,737,118,3177,508,374956,1321,11,2023-07-10
UCNjFLkg2_0UH4B5oOEBndLQ,【筋トレ警官】アベック星野,https://yt3.ggpht.com/V7iGnkA31dqugQ6hlJPLMGKJS1GQTBFwcC3FANzY4wJYhWnfGh78gX_Xgsag_e5usFQ1DP2h=s240-c-k-c0x00ffffff-no-rj,2022-07-20,1820,240,5845,770,1402837,355,1,2023-07-10
UCnRTSJotcBVlc2Vgd5b_w0A,what's up body,https://yt3.ggpht.com/ytc/AOPolaQuhpJynpTHmEK7RQ7Zmkfe4F8zz3xaNAp46_mF=s240-c-k-c0x00ffffff-no-rj,2019-05-25,9830,438,12710,566,5567042,1507,3,2023-07-10
UC23blQh8jXKtEk_0w8jcb-A,Leon,https://yt3.ggpht.com/GpvobwF2GHY72KNjCUgiXUYvA_dqHecgkxCYpZA3cNXYq2tfnXRkiER8Xkmlyviy7B3r9WNCHcY=s240-c-k-c0x00ffffff-no-rj,2019-12-23,1290,50,27790,1077,1389517,1295,25,2023-07-10
UCkwYt4ayA7fyaGzsIzD9z5Q,今日の海camp to day sea,https://yt3.ggpht.com/pOXzRZfRWt-LkAtVG_3oC42U6Urn6gUedYVTOVY26pLIZBkx1JmSYV9fD489m5hJJ8wcYzvCcw=s240-c-k-c0x00ffffff-no-rj,2014-03-18,424,376,738,654,277492,3401,9,2023-07-10
UCFt6JgbpCuAdTJm7jY-KcDQ,One Life Bodybuilding.TV,https://yt3.ggpht.com/ytc/AOPolaQ-74j_N0wWLSbCvW07bSHNkVk12aV-AqZ0iizizQ=s240-c-k-c0x00ffffff-no-rj,2011-08-24,3780,199,9571,503,1904756,4338,21,2023-07-10
UCcIjkZFG-GIgtdI-EbIt-7A,KwangSoo from CHOSHINSEI Official YouTube Channel,https://yt3.ggpht.com/CVdi23DUj3muGuYfnr6cOtw2v870MaIWAC9GvDRJM3F0sWyaxB-0UelHoS9ra_ovO3QZWALH=s240-c-k-c0x00ffffff-no-rj,2020-04-23,4630,370,2201,175,814493,1173,3,2023-07-10
UCXqyEJ8BFYWwONkf7VU-Sxg,みの＠モテボディメイク,https://yt3.ggpht.com/ytc/AOPolaTF4Kis0MkDzhy5Rz2Ioo7J2rVCKnTbapxCOE8B=s240-c-k-c0x00ffffff-no-rj,2016-11-11,103,53,469,241,24888,2432,45,2023-07-10
UC5bqMuiqKWR1yGh-VI5NfuQ,シャーピー/Armwrestling,https://yt3.ggpht.com/ytc/AOPolaQNINVEwZjLMoWTMI5h4IeWtDtr68b3zm_65AT8=s240-c-k-c0x00ffffff-no-rj,2019-06-04,239,7,3110,91,21771,1497,213,2023-07-10
UCJNniMiIbf3HHIj2rWCUdTw,こざちゃんねる,https://yt3.ggpht.com/ytc/AOPolaSsVuwgmrUM1sX8lnGiM5qmpni88HMUt2h5TkV5=s240-c-k-c0x00ffffff-no-rj,2020-06-17,119,119,126,126,15046,1118,9,2023-07-10
UCAjQ4w95Bl_yEaWlq_eo4gg,もがくおっさんの醜態。,https://yt3.ggpht.com/ytc/AOPolaQW0BnScvutnGDLUDuwdtBYCi8btNL6iPcPSBT_4g=s240-c-k-c0x00ffffff-no-rj,2019-01-22,48,100,480,1001,48083,1630,16,2023-07-10
UC3_Z9FU4gPJMJB2FEYmw50A,たっくんフレンズ,https://yt3.ggpht.com/ytc/AOPolaSh-3V3t0TnVn2K5rkCL101t5ApmzmYWXufzAN9=s240-c-k-c0x00ffffff-no-rj,2020-03-04,5080,324,5913,377,1916046,1223,3,2023-07-10
UCCTyONko-3Twq5pud2SQtOg,タクヤ 食べて痩せる ダイエットCH,https://yt3.ggpht.com/aBYeu5spO_pHYfOsT2mZmuwl6wQXMY7fOpK3qFQlDx5RWkptxxyYKAdlyLFwdD5kWdPi02Zh4w=s240-c-k-c0x00ffffff-no-rj,2021-06-03,5440,389,14599,1043,5679270,767,1,2023-07-10
UCZiWQZE6JkUnAD0854MbQ7w,SHO Channel,https://yt3.ggpht.com/ytc/AOPolaQQPa8jolWl4oxt7lSqanadWlfDAL9UUSzuYpfAeA=s240-c-k-c0x00ffffff-no-rj,2019-03-06,388,63,2095,340,132044,1587,25,2023-07-10
UCEsxrHIKfa3bVudUlkJuPaw,山岸秀匡の風林火山【切り抜き】,https://yt3.ggpht.com/181SfqdtpDEIWUhT2vnuLJKJylEl0BsNURrw1Jqq7yLWWecQD2ZuxQwJqsbPEUUtQsfjq1oelQ=s240-c-k-c0x00ffffff-no-rj,2022-08-01,601,175,6924,2016,1211715,343,1,2023-07-10
UCLgUefVTs6HIREOo9T8es4w,FITZ,https://yt3.ggpht.com/ytc/AOPolaRpuCtuJJD55VyyirgqBb9ha09FIdkXhMdupJj6=s240-c-k-c0x00ffffff-no-rj,2015-07-15,214,12,1606,90,19283,2917,243,2023-07-10
UCVUguFvLJBb1Yen5I1YnM1w,マッスルカレッジ,https://yt3.ggpht.com/ytc/AOPolaQHywwheY4GN4dcp4taI8aVXAcdvT2S7jp1i8uk=s240-c-k-c0x00ffffff-no-rj,2020-05-28,260,16,3074,189,49186,1138,71,2023-07-10
UCd8OeLzUoXpcGRbUd_tJxJg,嶋田慶太 最速ボディメイク 【Keita Bodybuilding 】,https://yt3.ggpht.com/EIinqwH7cQC-TJsvBUaeaNPuZy6TAUtz3p6KD5FYeiuwm7r43jBACQZq9TNScgLZhdF5c-ChFA=s240-c-k-c0x00ffffff-no-rj,2022-03-07,27600,124,38512,173,4775551,490,3,2023-07-10
UCzb4DJXezc1tLlchNPGay3Q,パンプ佐々木,https://yt3.ggpht.com/ytc/AOPolaR_QTuw0fELbofobokm6CqI8th0JSlM1b9lo_-jVQ=s240-c-k-c0x00ffffff-no-rj,2019-04-10,749,67,601,53,40287,1552,23,2023-07-10
UCm8syvJT9OLmLYBbiZ8Owbw,筋トレ大好き高校生なさ,https://yt3.ggpht.com/p4_DeLKP9nM2WOc5Ilzmlxi0jHw6kofWfxLSjrlhJkPAeJUhRDLpd_Tpdo87oBzLu7z9s0o74Ag=s240-c-k-c0x00ffffff-no-rj,2021-08-05,524,288,567,312,163578,704,2,2023-07-10
UCG_7wK9vrbmHs7t0OsVWzPw,K K,https://yt3.ggpht.com/SSlIx0vmSFkZKCm0jkHYkU2IIBR0mzzyCkHVb8LOR-kqIo6Ccbx-0pim-4QJfCJTdnoy3JlERzU=s240-c-k-c0x00ffffff-no-rj,2021-06-01,326,13,6263,249,81424,769,59,2023-07-10
UCxdmcXxZjUiPUEDqnTUdKuQ,【おきゃな】パティシエトレーナー,https://yt3.ggpht.com/kizCfBPWPfawXlGTI2PkSVMaNn3nTYCmcobHYi5w0ksAZToF-5AEXVpPz0Smqq2_Zs2z9ShW=s240-c-k-c0x00ffffff-no-rj,2019-01-20,21000,389,11297,209,4394711,1632,4,2023-07-10
UCym94hmL29AL8xABSfBXLEw,SAMURAI FIT.,https://yt3.ggpht.com/ytc/AOPolaR6S1Yz83iWEL3t35DnSUXlk-4MbCAEU6ltudwY0Q=s240-c-k-c0x00ffffff-no-rj,2015-12-17,2560,44,13575,233,597312,2762,62,2023-07-10
UCHljKowDLntewC11dUDtYtA,わんこらサブチャンネル ,https://yt3.ggpht.com/E9slqyu_X7QyEtqhk0kMhD__xFkfuiw79BZPzfpxNmO3yU3xTgflMAYKHJshiyAyDV3rjRsQZQ=s240-c-k-c0x00ffffff-no-rj,2021-05-22,2510,656,813,212,533674,779,1,2023-07-10
UC5n-8nTZXYLpvyV34mzCpuQ,けいぞくん,https://yt3.ggpht.com/4mO6CiJFzEpR3y1cEJkUaGHNzvAnRnGD6Wctkv7Opkm1jBO8slXIxhdHPH_uSb-UEVeTdiCL=s240-c-k-c0x00ffffff-no-rj,2021-03-06,102,43,169,71,7302,856,19,2023-07-10
UCQmhVkXbXl8feJQmmhvtxig,ジャンパーズキッチンJumper's Kitchen,https://yt3.ggpht.com/ytc/AOPolaRaRTIeIOwS1OqMMx2NQHPD0KWPmUejeSxfukooDA=s240-c-k-c0x00ffffff-no-rj,2014-01-08,362,0,0,0,0,3470,0,2023-07-10
UC3wprkNRoTdKbDoXbjAAvcg,トレーニーLv.1,https://yt3.ggpht.com/ytc/AOPolaTnQ_zrmmttxww5H-arKrxK0SDMYaNFvbSP_IKE=s240-c-k-c0x00ffffff-no-rj,2021-01-14,60,10,1625,270,16250,907,90,2023-07-10
UCGrMumVzzJhyVQtkdhQ3OXg,まあ（MAA）,https://yt3.ggpht.com/VrltTpme9diPDWcN7ojjAZ782OPmbrxqoGYwniBBfYvl1tPCcxHaAKuArSME9StiafHiYuvTYCA=s240-c-k-c0x00ffffff-no-rj,2019-09-12,322000,424,235317,309,99774697,1397,3,2023-07-10
UC3YEE0Gh1HMknh61SuuBsig,ノブチャンネル,https://yt3.ggpht.com/OP9dXTDt5cjJObUlI3kOJk357YHSlWeSPXTxDoRnGxI48NzYGTjsKNsy3iLIg4JTp7H3uP0=s240-c-k-c0x00ffffff-no-rj,2016-08-23,2300,385,4834,809,1861157,2512,6,2023-07-10
UCPyWTmxUG5-QtR7DTALdmxQ,ベーグルと日常,https://yt3.ggpht.com/E8vzqF0pPcK61wAkK7O-zf6AEfa9H2aA_1iXAI8NN4NRxCOoyXWjzV-wq1feYFq3ELRPZlOkkQ=s240-c-k-c0x00ffffff-no-rj,2021-09-17,576,20,2198,76,43969,661,33,2023-07-10
UCad8UEoghXW78Rkq_OXvGJg,福永タカシの筋肉党 【 #アラフォーが15年ぶりにボディビル大会へ挑戦する物語 】,https://yt3.ggpht.com/fGg_p-e3QEW2p3XtUUmylXjOBwEsQnkQ297L_HOQLWInmHUdBkXmQit2fkdTN39Ty8zbCH_CkA=s240-c-k-c0x00ffffff-no-rj,2021-10-12,107,21,406,79,8534,636,30,2023-07-10
UCkUoibo5CM6BRYtbKdUdDYQ,takepacman,https://yt3.ggpht.com/L66T5Cw7NZF1_OuH_iDA3e7LfE15ZfKH6KyjRqaW6V5AaH_bpM6sKLRYlJJc1NWhyzrprd4dLw=s240-c-k-c0x00ffffff-no-rj,2011-09-13,1630,190,4116,479,782129,4318,22,2023-07-10
UCkysLrdlM7OqJ81Agvhr9Ag,ユージくんの日常部屋,https://yt3.ggpht.com/ytc/AOPolaSHnl0DLsLbDfi7oKVNOYdkt6zSjNx8Ul87d-SS=s240-c-k-c0x00ffffff-no-rj,2019-07-22,2650,50,3257,61,162885,1449,28,2023-07-10
UCyFbgyVD_C23FR8IUznzA2Q,GINJI'S TUTORIAL,https://yt3.ggpht.com/ytc/AOPolaTOEeOtkcYsyicBgektaHHJPOC2n74XqdR0ldvr=s240-c-k-c0x00ffffff-no-rj,2014-12-10,1040,217,862,179,187184,3134,14,2023-07-10
UCuFZ3mSgf8AiKh58cIt9zmA,Shuto / 村井柊斗,https://yt3.ggpht.com/8bUUiBMW7lYPtxAMahapOXtz2aejRvqBEjrW_Av9P8kk8cadossnv7EinDzRxUGgN833rxVM0g=s240-c-k-c0x00ffffff-no-rj,2022-08-08,258,74,1059,303,78419,336,4,2023-07-10
UCZsoMN4BdKIk_dB3fSBIIgg,トーマスガジェマガ切り抜き,https://yt3.ggpht.com/ZL-QCaCxwHWIrwncyRcXkMHo5N9Qk2XTbggWfNjUUH3d0DiBE1OLvNmaTsG-j7l4W4CTYY1T1Wo=s240-c-k-c0x00ffffff-no-rj,2021-12-13,620,189,966,294,182644,574,3,2023-07-10
UC4xfd6hWLa2PNF0Ge4Za0iQ,しみこー超意識低い系TV,https://yt3.ggpht.com/9k7gLBC8lmoNEs8lghfSWaKwi2ysF-M0Ua9e08ptSyFuUvP5Nea6C2mi6VOkmsBf-a_9KoU0aBY=s240-c-k-c0x00ffffff-no-rj,2011-06-16,482,333,747,516,248876,4407,13,2023-07-10
UCsZgpubl_KIAE2Sno5pNPyw,BODYMAKE 筋トレブログ【しゃべらないチャンネル】99.9,https://yt3.ggpht.com/ArQVeh4QDhbvEGAwZ-SvhxvFUy96T-ppF3pyvsvPw7hLsQRMSXbp6BzFRlJMdRQmG8tmKjICOw=s240-c-k-c0x00ffffff-no-rj,2015-11-06,266,137,1223,630,167601,2803,20,2023-07-10
UC4Ixqgt8yq20Dlq9ljWS0fQ,かよぽんチャンネルKayopong,https://yt3.ggpht.com/ytc/AOPolaRNFi-A44enW_4JIbTq5uiP1v3-VJe8zNzS-Ez6=s240-c-k-c0x00ffffff-no-rj,2017-04-17,9330,122,19724,257,2406366,2275,18,2023-07-10
UCJ33sXv50Edd4KPRhD5J_UA,Mokkori Fitness,https://yt3.ggpht.com/3ZewTafsl_3kPc_lGyU2TuanTjBsJzUqiqv_wmru2fxCivImx1S75JPwg2qxBwteaOmRk48Ffw=s240-c-k-c0x00ffffff-no-rj,2022-05-30,862,137,836,132,114571,406,2,2023-07-10
UCMORJgGGSm8eJe5ZYgHQLkQ,小野夫妻,https://yt3.ggpht.com/ytc/AOPolaRgZNQLVJZZyEGpucKTpd6XO5iH7viLv8iaB4EZ=s240-c-k-c0x00ffffff-no-rj,2016-11-09,956,65,4695,319,305182,2434,37,2023-07-10
UC9meW76ch1XX5EvBMBYNvjw,玉置大嗣,https://yt3.ggpht.com/ytc/AOPolaTNJNUl3BGSaoGZAB7PWIYP9KIuH32JjbhrU-G79rA=s240-c-k-c0x00ffffff-no-rj,2013-10-10,273,74,1130,306,83681,3560,48,2023-07-10
UCgTv1E0RBa2ihKR_kuIkT9w,RIKI,https://yt3.ggpht.com/g0CWJuq2zsD9gJsKcgtYQqlmsQcHFr3vdAIASDnsBt1HrzUt9NHTI5qm0HMrz8kfPNiXXC9F7QI=s240-c-k-c0x00ffffff-no-rj,2017-10-19,2110,74,7405,259,548004,2090,28,2023-07-10
UCIXPWTRqJV5P1QV8RNH9ORA,プロテインマン,https://yt3.ggpht.com/kr3Jz19WGI-UavEqNnZaXLe1E2vYCh6nhqrzGm-PfNlL0ANwfccmHvaofz3-q8UYZbvuZIZcBA=s240-c-k-c0x00ffffff-no-rj,2016-06-11,0,8,0,0,1163,2585,323,2023-07-10
UCnmpmBUJ0VtzXIg4tw9_4TA,マッスル馬鹿,https://yt3.ggpht.com/ytc/AOPolaSmYyFXadUBxWNtDYDS0e6mSdfbE0wRABwrq5UEuA=s240-c-k-c0x00ffffff-no-rj,2013-02-07,5250,1024,3288,641,3367371,3805,3,2023-07-10
UCU-VT54Tintj3p1PvVRdelw,Kトレクラブ,https://yt3.ggpht.com/4Ig9g083Uoc8gYz921Qj5m60mci4XIytqYJrkf3vhksOp4bDRn_41ijxD3DXND_4v592eDD6Kg=s240-c-k-c0x00ffffff-no-rj,2021-06-17,141,162,1244,1429,201556,753,4,2023-07-10
UCbLZ9IuNHrdZPZ-ToX_Fq9Q,Ekoのフィットネスジャーニー,https://yt3.ggpht.com/-6HsgPck0VpY0oigGbEPU4avhtWLRDA8Q8qnNon39t3ig9f1_ZgbDuvWa-q-4XSWPY6a32Ma=s240-c-k-c0x00ffffff-no-rj,2013-07-20,3950,148,1773,66,262420,3642,24,2023-07-10
UC_b5rnv4Lu7DjIvC1wXmjVw,ふじゆき / Vlog & Podcast,https://yt3.ggpht.com/ytc/AOPolaRLX14kkAwcY4XIlgG7J-9bYlfk4S99YjHJHHa_vg=s240-c-k-c0x00ffffff-no-rj,2019-04-05,145,108,280,208,30262,1557,14,2023-07-10
UCxxQSgbgJTawGqQUY6TCzCw,ACE GYM,https://yt3.ggpht.com/ytc/AOPolaQzZXOyqqPHrXq57TvqOf19q4KMygBKQHPjghlygg=s240-c-k-c0x00ffffff-no-rj,2014-05-07,14700,91,36618,226,3332277,3351,36,2023-07-10
UCZdNKLo38otzLf7hjbBO8SQ,草野球チャンネルbyGENTLE BEAST,https://yt3.ggpht.com/86qLOp1gGI8GytaXilk21tul_1jIDgSFQzrMT45FzUsF2CB9oldmEgwhn_WoPmVcSV3ZIV4hLQ=s240-c-k-c0x00ffffff-no-rj,2021-08-31,1120,318,1619,459,514897,678,2,2023-07-10
UCkIa4LN4KfeljlOjY7s13eg,おじちゃん日記,https://yt3.ggpht.com/ytc/AOPolaT7R-3abtQVri665PJ5uX_r4c1vQEfM1CmZYY_rzMhniwWN0RleZH4_tuViJ2ciyU4=s240-c-k-c0x00ffffff-no-rj,2012-04-03,28,80,124,355,9943,4115,51,2023-07-10
UCzWygEC8zQKYpCp7nwX_M-A,PDSKabushikiGaisha,https://yt3.ggpht.com/ytc/AOPolaTGHvOBtQhAxdM3S0U2hM9nUCXeB_hVcmtVnzqa=s240-c-k-c0x00ffffff-no-rj,2011-01-07,1740000,3828,416634,916,1594876892,4567,1,2023-07-10
UCeZdLuDX31jT7dKWxa9N7oA,深淵あみす,https://yt3.ggpht.com/ps-u_QJZDqhnbH7TnxPhM7UnfkxCoIj6FSyfZR645nwGJwW3ZKTkRGWG55iMMxX7RkZ6Vi8l=s240-c-k-c0x00ffffff-no-rj,2020-03-16,543,23,5336,226,122742,1211,52,2023-07-10
UCoIp3yYAynhL8uVqwKlGSgQ,サラ筋チャンネル,https://yt3.ggpht.com/ytc/AOPolaR1GO0tDt6Sryz2FgBQhOoZTe2G-KXKRPuGDZod=s240-c-k-c0x00ffffff-no-rj,2019-11-22,752,185,881,216,162998,1326,7,2023-07-10
UCk_iIeh6Ac_VnLphwK9qHdw,TK 自重トレーニング,https://yt3.ggpht.com/9L7tjjHtdyqEK7v_NaQqoqcUtePRIN7D8vFz46YahSSUiTJLdcWLUuAk-sRcNIaBHKSGJdIQFQ=s240-c-k-c0x00ffffff-no-rj,2017-05-31,514,244,646,306,157710,2231,9,2023-07-10
UC-uiShEYH03MDBBijeQ9WTg,ダーマスちゃんねる,https://yt3.ggpht.com/WT-s-Wre1fK2KP4wO1ZT3AEjw1d5Zzl3oCta2TfWBTBewU9jYSfTHII6N1nZEyX3tRYX4bOEJIA=s240-c-k-c0x00ffffff-no-rj,2022-06-19,78800,182,232313,536,42281092,386,2,2023-07-10
UC88s3giwMUE3lJORu3rjj8A,【筋肉道】Reoの広背筋教室,https://yt3.ggpht.com/eeI9WDV5q-mUNDNhwM0qnRp9m5PF46WUQTnZh5mg1AthLU99VZl71gY62WM4o-8updFGiY5_g-A=s240-c-k-c0x00ffffff-no-rj,2022-04-10,11,7,825,525,5776,456,65,2023-07-10
UCeCd97I5PrtcrIiz4XCAE1w,筋トレジョニーブログ,https://yt3.ggpht.com/Vg0wyodILHZRMURtlY1jhScrBQE91nKi4bqIQ3Xnh51MxpSoZWs5SrgRhZzGEoaj2xsn5eeVtA=s240-c-k-c0x00ffffff-no-rj,2020-12-17,355,285,1587,1274,452360,935,3,2023-07-10
UCON54312Ozu7KQh7qClsQGw,ゴリゴリ!たかチャンネル,https://yt3.ggpht.com/Eq3nBOHdNING6J50X2y3AgA4LKL87EUNY7xg7KFKJbPCfYX_bcc0XRVYGzvBTuLZ_dRGJaw5=s240-c-k-c0x00ffffff-no-rj,2020-04-29,1070,178,749,124,133416,1167,6,2023-07-10
UCgUzQJNwYy53csk-shmZSNw,KOTA FITNESS,https://yt3.ggpht.com/bw3shRX1kiryplBO1pznaIA98Ga2VtSwYEB-I26gsUGxPdTOhx5pTXicSq1uCVqQ4mfLhsUaEQ=s240-c-k-c0x00ffffff-no-rj,2019-06-26,885,437,1763,870,770683,1475,3,2023-07-10
UCCEt9D3WieHR-mDryb7yFAA,SO SO /そそ,https://yt3.ggpht.com/ytc/AOPolaRwWxaNfyBXuA2UPnHTd_IWv1UkNuAErD9OiyAJ=s240-c-k-c0x00ffffff-no-rj,2015-06-19,172,227,257,339,58457,2943,12,2023-07-10
UCkhtWcas_VZbfR2THFo1GDg,れおゴリラ,https://yt3.ggpht.com/ytc/AOPolaQi53yS6COkeAc2czyReB6qjLbuxz9Ulyy0wVRD=s240-c-k-c0x00ffffff-no-rj,2020-04-03,109,43,1816,716,78125,1193,27,2023-07-10
UCfHHxFdhNeXKdrxQfdZAejw,オシャレは体からだ,https://yt3.ggpht.com/ytc/AOPolaQV7--Iw1_eKbR5cJXwPcp8PB6Xxk7TUb7KF-WP=s240-c-k-c0x00ffffff-no-rj,2019-11-08,311,49,1426,224,69913,1340,27,2023-07-10
UCh0B9OYbQCzb3FwIks0Dd6w,だんさーずちゃんねる,https://yt3.ggpht.com/ytc/AOPolaSF3h_tBnKES8AMaA6BkbOsTJwd4hGJDXvOePBt=s240-c-k-c0x00ffffff-no-rj,2020-04-25,664,45,1256,85,56563,1171,26,2023-07-10
UCqoRcwPddOxtLZ2V9WltjgA,マナティー:オーストラリアで生活する日本人,https://yt3.ggpht.com/lesw_dBCak7xnT_KTHz74xabVFdnhZqo-Rc-QsSAzR9cw7Syuwr-Bb7ROgtyPHArWRfaTD0h=s240-c-k-c0x00ffffff-no-rj,2020-04-26,895,246,1497,411,368475,1170,4,2023-07-10
UCDggE3T59c69-ZbtfvGnnmg,ペイント聖矢,https://yt3.ggpht.com/1MGFsstUVOsgH7d946UXNGsYwm60RquC170d22NhRgtqNfrbtYxyb0roqT7d_vO4qZN6L9J850M=s240-c-k-c0x00ffffff-no-rj,2010-07-13,284000,502,844266,1492,423821548,4745,9,2023-07-10
UCKTlhD5_askhefrhY9OJDTg,お水 / Omizu Fitness,https://yt3.ggpht.com/zDWYFJLH20Q7RdPfC6j9mBrChSgGJF1tvg_NLeEPlrGvYQw2DZcUcQ2kJNXxazZQuQYeCyT5=s240-c-k-c0x00ffffff-no-rj,2019-08-28,81,67,1206,997,80813,1412,21,2023-07-10
UCMod1HDUu_SZslmDApR8zOQ,少年革命家ゆたぼんチャンネル,https://yt3.ggpht.com/-3Sm1lPrF3a5BkWzHTMXXoR7yb3Dprbzwvn1G9HstVHxDnzddn6KiMcL_S9qwLt7mo1x3aoW=s240-c-k-c0x00ffffff-no-rj,2017-03-26,151000,788,108597,566,85574766,2297,2,2023-07-10
UCPF4DVCvaDg87cItR7iR1pg,Narumi channel,https://yt3.ggpht.com/ytc/AOPolaQ2zSVzU-8wF-MQASuZAGYnnE1g2NNyJIQtIAAg=s240-c-k-c0x00ffffff-no-rj,2020-04-04,49,88,384,690,33837,1192,13,2023-07-10
UCHs8HGY21vfnsdb0kTv6vbA,Setouchi,https://yt3.ggpht.com/ytc/AOPolaTlNT1slvYJ0c34SicavFZRprDye6hipjFACMWX=s240-c-k-c0x00ffffff-no-rj,2018-05-16,5010,2425,2023,979,4905842,1881,0,2023-07-10
UChFth8xBBOy6HW0CzMM5yrw,Hidetada Yamagishi【切り抜き集】,https://yt3.ggpht.com/VjrBSn5reRSMCmhKO51ib1Pe74etcg0SsFGFqERHORpzR-G0zu6oonpbSKg8Rx8ASrXKmE_E=s240-c-k-c0x00ffffff-no-rj,2022-01-17,1030,109,354,37,38590,539,4,2023-07-10
UCujUTzOJUXpB37e38XXSfZg,ヒロミナTV,https://yt3.ggpht.com/9nyJO1kwehpKgcsO-rS93ljQMFE87SNU_Q0NPNOnYjabwpfPhBm4Ts9UXwpeOXQ8qobUSiz4xSs=s240-c-k-c0x00ffffff-no-rj,2016-08-19,3870,136,3402,119,462771,2516,18,2023-07-10
UCiurz0LYmxNYwpQcDoCTPbw,ぷろたんの説法【公認切り抜き】,https://yt3.ggpht.com/VUflMIy1fVIai853dqgTBCCog98XGh3aDafNDsoceaCrQbGBXkY-jhTzSXJrurLJXlQzWi_w9CA=s240-c-k-c0x00ffffff-no-rj,2022-02-17,3050,324,13673,1452,4430249,508,1,2023-07-10
UCuEw45Yj4F1tFUqaUZAOa-Q,はんだチャンネル,https://yt3.ggpht.com/ytc/AOPolaTo9_2N0BpwXgIWIi2896WKkH6nRZIBNsHcj8BC=s240-c-k-c0x00ffffff-no-rj,2020-03-23,866,12,1214,16,14571,1204,100,2023-07-10
UCAzsR0kLfSBXfULR67TiA1A,坂本信也,https://yt3.ggpht.com/14o8pTvFGzNsTYnn0X4Ww4Q9FStLpJ3ecuKl6TyQHt3Nj9XcTTfw1g-PeiWjvq3X5j7SRoubQw=s240-c-k-c0x00ffffff-no-rj,2013-12-18,909,2839,222,695,631881,3491,1,2023-07-10
UC3NcfP3Z3wM7ZHaERcDYOSg,たけお　ゆうのすけ,https://yt3.ggpht.com/z9QufkpRga1-WBapBntxPuSCoDRGVxlORS-x9l6WEdtbNulq9HTN9rinoXBsegHNOZ5nqbDKjw=s240-c-k-c0x00ffffff-no-rj,2020-04-02,532,256,2174,1046,556568,1194,4,2023-07-10
UCkNuW9BTgkjtaw0NCy0Tb1A,ハートボディ劇場,https://yt3.ggpht.com/Hd2ftkItHugYoYWcNfYFMs76Nf9Jb7iDPnQQWAEkXcY9SOjeKNwjZGyjx9QwBFMQvIEk3a7FZEM=s240-c-k-c0x00ffffff-no-rj,2021-09-11,25,95,238,904,22611,667,7,2023-07-10
UCxdM5GvYAx0FnTxYAe4NfSA,ボディデザイナーSHIii /BODY Designer SHIii,https://yt3.ggpht.com/z5GbJ0CN905Kk-0q2MCAvT-FTAQFWSpyZDZ-Z5oIMWQDaBPNB0sbfWvAX-Hlt3wYG4e4BOQ1=s240-c-k-c0x00ffffff-no-rj,2021-07-03,491,105,426,91,44813,737,7,2023-07-10
UCSc1kQVmy7eY36w_saCSxMA,筋トレまっちょ,https://yt3.ggpht.com/ytc/AOPolaQRfZsEIF9zpxNJJJoc2VZ_fCrUurt-wIp8YA=s240-c-k-c0x00ffffff-no-rj,2017-08-24,8,83,161,1670,13364,2146,25,2023-07-10
UCe2ew3EmUXY00xdbQVwvpHw,【DRAGON GYM ASAKUSA】,https://yt3.ggpht.com/1Vx1lz-fHb5-Vo2XC9q4uVzIXU0kue1N7Yb_hZ1HE3IkJzBoZ2zw0bhe18OsHAeDJ-MrpD0O=s240-c-k-c0x00ffffff-no-rj,2014-01-10,318,33,607,63,20041,3468,105,2023-07-10
UC-S9HhEfk52pIrhRZ01Wg4Q,アキレス紀元,https://yt3.ggpht.com/ytc/AOPolaRbYEe0ZOYPEJ0u1ZEBzmq7264olb1SXk2_FOE6LA=s240-c-k-c0x00ffffff-no-rj,2010-08-30,3010,1168,1449,562,1693250,4697,4,2023-07-10
UCxfsh2bMjA2Ne7OWj4LnUXA,ゆう@ハンターch,https://yt3.ggpht.com/NhGgToicNp3dJueaYpOFBQBg84GWIbm8ewhHgjvQVpFnt7oIWwHjZSAkD2WLMDUm1Im2Z9V3gg=s240-c-k-c0x00ffffff-no-rj,2019-01-19,237,141,2318,1379,326891,1633,11,2023-07-10
UCHh_6xwatoxsDRLG6aCCEGw,MABASHI.ch,https://yt3.ggpht.com/ytc/AOPolaRu5ux_Rdq09M8PmTMbldYuqN4QLujdMIki60GJ=s240-c-k-c0x00ffffff-no-rj,2015-10-13,54,24,1846,820,44312,2827,117,2023-07-10
UC3YbG40j8mi-emqxbqrFzgw,フレッド / 筋トレ大学生,https://yt3.ggpht.com/wdQ1EdFb3u66s-9PRsCPSrGoGTsjg8cMhYTR0L3C2L5lHVSWprBtVvU0FaUqxzsjMgbxCHeG=s240-c-k-c0x00ffffff-no-rj,2021-06-24,3,6,15,30,92,746,124,2023-07-10
UC9WFkyPbU58R7ZVIduuh8NA,桃桃 momo 自分磨きチャンネル,https://yt3.ggpht.com/r4d0mS3L0_z4-7eSrENqTbFIxFoO8BSnrOzmiF2qjHtAiMs_siR8TCvFva4w6XSQTFxEUjKo=s240-c-k-c0x00ffffff-no-rj,2012-12-30,152000,791,52713,274,41696435,3844,4,2023-07-10
UCQ4BE9FiPe1b9qGdA6t6Pkw,ややあ,https://yt3.ggpht.com/ytc/AOPolaSH2TPu97z-p7Wp0_t5C_mtuE9G0peXLlXU5Lto=s240-c-k-c0x00ffffff-no-rj,2019-09-18,22,92,809,3385,74479,1391,15,2023-07-10
UCKe9QRqy5agGT2Jy0wSCwLQ,美ボディーちゃんねる,https://yt3.ggpht.com/ytc/AOPolaSf1R8sP4vshxKlAJr7kr5IZBcgM93srqzW9fjf=s240-c-k-c0x00ffffff-no-rj,2020-05-02,167,230,299,411,68787,1164,5,2023-07-10
UC26-6RTtH2zN2PjvInC3R1w,パキfitness 23歳無職,https://yt3.ggpht.com/-5qTOsaM-hEUoZS15pmQJGZz3ofuYRDUC1zyJykslCfmYRbBK6hVGzeBxS7ViYsBhQvkvycndw=s240-c-k-c0x00ffffff-no-rj,2018-11-13,616,33,8445,452,278696,1700,51,2023-07-10
UC1-8SxSxquIR9F3pMtCianQ,【公認】寺島遼のマインド 【Ryo Terashima 切り抜き】,https://yt3.ggpht.com/e4XcRmF2xdwW62eiZaDRi8ihU5o0sHnjhHfVOC5akKTjIvSRcxliutAc_t7646orDLoSzadMT38=s240-c-k-c0x00ffffff-no-rj,2022-09-30,1180,104,8840,779,919414,283,2,2023-07-10
UCzfR0IRTMR9NucIsq9QNvzA,メイドの土産EXV,https://yt3.ggpht.com/r2h7KjsTXKY2ixWwfNWMutOO9ZbU7cAvk_QBG1WT_uTlHtZTxdOMbicsPMbftc03cdCRMtq1=s240-c-k-c0x00ffffff-no-rj,2014-08-18,521,1278,302,742,386649,3248,2,2023-07-10
UCI7H4jqghNdt6bJ9cFQvY5g,セイヤズライフ【ダイエット請負人💪】,https://yt3.ggpht.com/x6LOdj3yaNBJT5N9U0sqrvpredWkbDKGomtPkmhJ52SxZ9YIHvGmdoz-fDnocyoAGt0-YwJModA=s240-c-k-c0x00ffffff-no-rj,2022-12-12,302,106,1911,671,202670,210,1,2023-07-10
UCjxhZe7aMnwKSQu3xInKPJA,シティボーイぱぱ,https://yt3.ggpht.com/ytc/AOPolaRlx6UI3QVsFNlPI9fQaiC4kbAq9Nh9RBGVhIT0=s240-c-k-c0x00ffffff-no-rj,2020-05-02,394,27,9989,684,269711,1164,43,2023-07-10
UCaVg3P42G9bBICz92AAj2sw,増毛計画,https://yt3.ggpht.com/FXkpMo4f3g_rlwdUatKzOMBuj-ClzerLVZMMqVUy9kcUj7r-9qsRsikUdR2foABIDIM7Cpi6=s240-c-k-c0x00ffffff-no-rj,2021-09-21,114,364,647,2068,235782,657,1,2023-07-10
UC-EIAGNJTBez9gd9CHZUwRg,S.ONchannel【FTM 元女子】,https://yt3.ggpht.com/s8mw65sBSd8Me6jdqXDssZyhLZAjTdGSKsG7HGujKAkTGVJhh0xo5ElpIZKsUgL9XNkgjAdz1Oc=s240-c-k-c0x00ffffff-no-rj,2014-08-15,305,33,1860,201,61393,3251,98,2023-07-10
UCgREguPgYM927Uj_kcgaLng,コマネチNKO!!,https://yt3.ggpht.com/ytc/AOPolaQWe8sQ0BQGnsITH1oj-bXHdTfinWs4F6YvKN7Q=s240-c-k-c0x00ffffff-no-rj,2017-03-16,837,15,3514,62,52719,2307,153,2023-07-10
UCKqM1FepMKDiYDoCDvwsUfQ,横井梨紗,https://yt3.ggpht.com/ytc/AOPolaQDJyyTmtgUENOV5YLlwTtsWrOKRY3yphz5WCjYGw=s240-c-k-c0x00ffffff-no-rj,2013-02-04,446,23,1796,92,41315,3808,165,2023-07-10
UCRbQaHQaJqA92-v5Ul1dWNw,うえちゃんちゃんねる。,https://yt3.ggpht.com/NJWUJN2VgO-ZmOF9JEalJ3HBOo7ouWyQtLSQ8_9mKsFeyjLGAPCW92uF4BE6ypdmjl2olMOM-w=s240-c-k-c0x00ffffff-no-rj,2022-09-06,72,104,997,1440,103747,307,2,2023-07-10
UCz2pfoNk2-q6p8VcbK1LiOA,かわきかわきん肉チャンネル,https://yt3.ggpht.com/ytc/AOPolaQbHB8S8byhL1CXjtx-gBQhx7X7uSKKAU4lEV4a=s240-c-k-c0x00ffffff-no-rj,2019-10-17,33,57,186,321,10616,1362,23,2023-07-10
UC25Frg3hIkPMy71zmqhp0ag,タクミ,https://yt3.ggpht.com/FilQ-mi2SahLA7-4fPbjBVGHVPmIaZe7Yi6wUVoBoObGMZnNKSFnbClfeNL2_vjLRMLPSP_Pj9k=s240-c-k-c0x00ffffff-no-rj,2022-12-18,35,20,1070,611,21405,204,10,2023-07-10
UCbeSyWWOzdtDJ7AOWYSKXiw,煩悩坊主,https://yt3.ggpht.com/BSmizYLhBTiXo0b6wR6rSdDXbtGXuCpOvcJuag5WDz-BbyCglDWNWJDlPf59jWt9-6g67LVA8Q=s240-c-k-c0x00ffffff-no-rj,2015-04-05,21,58,427,1181,24803,3018,52,2023-07-10
UCCBeaU6DSQ4iWWb2vY2KlOQ,ハバネロナメコ,https://yt3.ggpht.com/ytc/AOPolaShdjIGIn-k29JmMiP_dTMMQCYByWN5B4yw2rMaUg=s240-c-k-c0x00ffffff-no-rj,2016-03-15,76,14,1021,188,14303,2673,190,2023-07-10
UCmWbNtPXaTi7L7iTWWXkK4Q,What  Is  Bodybuilding?,https://yt3.ggpht.com/rSnYDbmaQmy386etniGLaO-gqamOqApRrRfXAkP-Y71zvnSsYyF48JgDCOmRWeC7AujbAuRCxA=s240-c-k-c0x00ffffff-no-rj,2022-10-22,341,37,855,92,31662,261,7,2023-07-10
UCktd4sPG6r-9R3M86z-Ny0A,SCKちゃんねる,https://yt3.ggpht.com/XQUhXl67Ab8ZxH_b6B1G4w6M9S-1up9JFRS0riOblBDavRax4PRzpjSqzvOCpbPBQI8kI2s5-g=s240-c-k-c0x00ffffff-no-rj,2021-10-28,11,60,83,455,5006,620,10,2023-07-10
UCzlvnW9FjEOu5vHN-4McQLg,登録者あと49人でLiveレッスンやります,https://yt3.ggpht.com/hHVDfVmyvAXDy-yctVbNJyx7WlhSN88wInEYfNRRP5xm_CRqP3Lh1iOm78PfqlM2KBIf2UVZdg=s240-c-k-c0x00ffffff-no-rj,2020-07-07,40,45,684,770,30813,1098,24,2023-07-10
UC7xn2G4CDt0nudmYkV3djRg,【山岸秀匡】BIG HIDEのドラゴンへの近道【切り抜き】,https://yt3.ggpht.com/aGoJw-vsuoadPOTVa6W3nUVn1eLyLbol5D4keZIxTwDoApgGrY2ltNkJTIlypQlhf3pMS8Xu=s240-c-k-c0x00ffffff-no-rj,2022-06-13,791,138,8513,1485,1174853,392,2,2023-07-10
UCjsr0nDTer55m9xBQSI5v0w,だいきフィットネス,https://yt3.ggpht.com/ytc/AOPolaTWO7kp930cnRo25TWOIpocqA4_fsKg81N8H0ydhA=s240-c-k-c0x00ffffff-no-rj,2014-12-13,48,126,278,729,35039,3131,24,2023-07-10
UCQBFhOCeuUrzOjAlsyNQQUw,筋マニ,https://yt3.ggpht.com/8qDJqnnKpcyeTyK2fSdXKBSexNvpQMjcsWvWbcj2D9T9SGoQnLPUvzcrSE4P3OTRWG1r8yAW=s240-c-k-c0x00ffffff-no-rj,2022-05-09,727,141,1631,316,230024,427,3,2023-07-10
UCvdcz4VNZvv5zAs1vNRMALw,へいゆーさんの筋トレ日記,https://yt3.ggpht.com/qjtVg9-IfC6m_U7FKgImHcRVFNZDODezAIkCse5OUFI04mnlw5ydyBEmWk996_MWSFdPvcM2Nwo=s240-c-k-c0x00ffffff-no-rj,2022-03-21,329,70,1665,354,116615,476,6,2023-07-10
UCxS4vbIvtjHQcEW61J2KQIw,ゆうこすモテちゃんねる,https://yt3.ggpht.com/cZzyKgeb68_tPNAVLaoQaY0u6N4gnDecX1gQ7HLSCJCtY_5zftCmo8igRsrqPimdyQvjJ5Dsow=s240-c-k-c0x00ffffff-no-rj,2016-10-29,839000,369,493042,216,181932749,2445,6,2023-07-10
UCVBp0dP_X5mMWjjS2QXNHhA,かりんちゃんねる,https://yt3.ggpht.com/w6RaZbdZHvISa99JUdGFJ5Ip-qwDrjH47FdEwXCm1dMBwCCYUtFXG866a8dQleBE0T2ddm0Xcg=s240-c-k-c0x00ffffff-no-rj,2022-10-26,60,17,983,278,16725,257,15,2023-07-10
UCBxq5sx6EvfnUvP3-afmbHw,ayahare diet,https://yt3.ggpht.com/ZmvUsPL0glMjnykFGbl1JgtuVvz0oFEWP0p3MDD96wekjHmivSc19cg40X7P-ZVWmLRA_dBWIQ=s240-c-k-c0x00ffffff-no-rj,2020-09-03,420000,75,547056,97,41029243,1040,13,2023-07-10
UC86h8VQQ-C6q93du_tvK6RQ,DaiGo学,https://yt3.ggpht.com/9amDeib-bdzbEQoZoMyuwa7fOA6K13qsMQaN60sxn6em3S1I1aM1bc2trCFWI9jyFhUEH-17bRs=s240-c-k-c0x00ffffff-no-rj,2021-06-09,25,88,193,679,16986,761,8,2023-07-10
UC4M5vuW-7uT03BBwPqofexA,SHUYA,https://yt3.ggpht.com/f9aiZwWp7ALusJx_MWwlAiYXz-08QBlZ6nlhYQnaC33daBvh4ikxfLNK38bBWDTFT7oT7uUqLw=s240-c-k-c0x00ffffff-no-rj,2022-05-05,21600,692,50027,1602,34618738,431,0,2023-07-10
UC9JgotdFpjS0-IMR1b0M8ew,てらぬき【寺島遼切り抜き】,https://yt3.ggpht.com/UQOlw3pacS0y9aZCF9oAJTEkvsvdtdt21GjXkClnHpEDrxdgJHYBdPB30ZJeDXhKqHVk3PYhMg=s240-c-k-c0x00ffffff-no-rj,2022-09-28,1160,29,5261,131,152595,285,9,2023-07-10
UC4k5qnUCsmeVCBQjj3v4GVw,ウエ・スト細男,https://yt3.ggpht.com/uRLOYoMaKNDCGi-SVWScB8aQh14ZWjBiCmji4N9p6Ble74pKfj8t8fn0bsoewo7V0e3jFs0xQNA=s240-c-k-c0x00ffffff-no-rj,2023-02-28,61,5,13098,1073,65492,132,26,2023-07-10
UCGJsGxHdZB0jxVMGhoQ4Rew,仁科貴子,https://yt3.ggpht.com/ytc/AOPolaSYQyUN-8iokSgUWy0xk13hQLbz2EJsTuimjg=s240-c-k-c0x00ffffff-no-rj,2012-07-25,4,7,2859,5003,20015,4002,571,2023-07-10
UCz2FX3WXrIJedPAPHT8sxfQ,佐々木健二,https://yt3.ggpht.com/ytc/AOPolaRuSK46S8U2BDQRw0fsbYrugofwy9DHIkNWaQ=s240-c-k-c0x00ffffff-no-rj,2019-10-25,5,2,13742,5497,27485,1354,677,2023-07-10
UCNzRuiDsoh8zZHGCQ9y-ywA,150cm ちゃんちーFit,https://yt3.ggpht.com/ytc/AOPolaQfX9_MPyd9Apio3Lf_LXvMyqAO8Q5hoOeYMgF_CQ=s240-c-k-c0x00ffffff-no-rj,2020-01-05,50900,193,32114,121,6198148,1282,6,2023-07-10
UCZUR9ZG_Um_YLP2ut2astiA,カネキン至高の切り抜きch,https://yt3.ggpht.com/nHyGlUiCtGjJHQt5E_UAGf5GzgjfKdzqZnVIzEqX6dJD7IxdHNfqqvdz_m0ULrvBInfLXc7Pyg=s240-c-k-c0x00ffffff-no-rj,2022-12-26,737,73,5321,527,388456,196,2,2023-07-10
UCB_T0dd-CEIidA8p1bd8j2Q,EITO channel,https://yt3.ggpht.com/SwhRrrY333ZRRWI_ingR8rBFnzL3fe4n21W1PTzcj9UzDqWx8KXm4ARC7RYHm9tM9zWWKR6snw=s240-c-k-c0x00ffffff-no-rj,2021-05-17,78500,343,127062,555,43582442,784,2,2023-07-10
UCdV_Sc1tEENX5LOzB-YLiaQ,JIN'S LIFE,https://yt3.ggpht.com/ytc/AOPolaRyMhIqcBVUW6uQo7eXo326heKx6XREaqBBttQErQ=s240-c-k-c0x00ffffff-no-rj,2012-12-03,521000,1392,152478,407,212250298,3871,2,2023-07-10
UCxdh5akRNhJTVxY46OSm-Jg,みやちゃんねる,https://yt3.ggpht.com/OTaljicZnX_CVNQ14QUCd2wb7aRglxRRG8F4otwJXOMo5gKKrCAoyHJTAwRz-MsXsrd01mrj=s240-c-k-c0x00ffffff-no-rj,2022-07-25,1060,549,729,377,400660,350,0,2023-07-10
UCORCQsa8dfbuQg_NHGdUNYw,山岸秀匡の学舎【切り抜き】,https://yt3.ggpht.com/QzxjPnmKh-j173P5TIYVUQh6UOeEUGmuyMq1szj6XWMmJIzDAf9CLS4TNO2yGTaBrDLXM9LWoQ=s240-c-k-c0x00ffffff-no-rj,2020-04-18,3880,150,49902,1929,7485375,1178,7,2023-07-10
UCHCXXIATbaWWTgtE-Tf04rg,ラブカのトモ　ーうつ病治療・奮闘中ー,https://yt3.ggpht.com/el_O3dnAQWHTiDuxjEVdKZpS6ChBBUMApIHa0JV7UpalXQggjWNVhwh78CTHYJej_FBtebu0=s240-c-k-c0x00ffffff-no-rj,2018-12-10,932,3241,304,1058,986466,1673,0,2023-07-10
UCP6aw2-Afafmm0cPZ7pmYyQ,のがちゃんねる/nogachannel,https://yt3.ggpht.com/ytc/AOPolaR0y9Q9lnbj6GWuSSHnTT9CI6E7Fh7YRoB1M4PgIQ=s240-c-k-c0x00ffffff-no-rj,2018-12-31,1200000,355,696974,206,247426091,1652,4,2023-07-10
UC-a9wiNTKiLIRLTyIRdNbMg,オガトレ,https://yt3.ggpht.com/iRZXO1gyCHW42aNPUJMHsFMpusQKsmOKTf61TjRW3H2YgW555DWQcEnIDc6e4pbnXc2opbOXu1c=s240-c-k-c0x00ffffff-no-rj,2015-07-01,1330000,459,502195,173,230507865,2931,6,2023-07-10
UCRANKHNxmY4xpNiA57DkJ9g,sahimoto5117,https://yt3.ggpht.com/ytc/AOPolaR_Bqjwxo24JIC9v9RAkrpWxI95pzgJfZ0KbQ=s240-c-k-c0x00ffffff-no-rj,2012-07-29,8,6,1927,1445,11562,3998,666,2023-07-10
UCiUz9KtE0uPp_CizcknDvQQ,レモンチャンネルの切り抜きNOW,https://yt3.ggpht.com/NnN9txoa3RjCHdMgkah2oy9IUkdMWu7VGBiuD6m4o1C9ad1YSHPYQe3WwlILLEyPFyzRK5WnvoQ=s240-c-k-c0x00ffffff-no-rj,2022-12-01,547,47,3192,274,150030,221,4,2023-07-10
UCHoOFVQAhK-QyoXgf0iaZIg,マッスルグリル,https://yt3.ggpht.com/ytc/AOPolaQLnl33h3f6mODEMp30qGsU2ksEtut6dzmW_M4nuA=s240-c-k-c0x00ffffff-no-rj,2018-11-15,434000,795,206822,378,164423895,1698,2,2023-07-10
UCabq09UJwthZPYAiIrXlCsA,ジェネリックフィットネス,https://yt3.ggpht.com/ja7Hc8lledTE1N_yx3km30hjtQ9zs1qNCZzdtL4mugpVqoToaU1jxAj1Iu893TgYqzfXlUpTTg=s240-c-k-c0x00ffffff-no-rj,2022-03-06,1960,81,3962,163,320987,491,6,2023-07-10
UCM3Eo_7bq7Z1EuksMgs5jCA,コアラ小嵐,https://yt3.ggpht.com/ytc/AOPolaR1FIyd2CWH6iEFuP-BboPyU_zo1TYGY4-MVsf4Ig=s240-c-k-c0x00ffffff-no-rj,2013-06-20,281000,1237,90571,398,112037113,3672,2,2023-07-10
UC9adY19gayigUXFrHeoTujA,Rina Ries 🇺🇸在米トレーニー,https://yt3.ggpht.com/rXR9GRS-rbNNXR-r_47Fo6Xs20oz51IMuVesLfaBMrmay1AaHmeIPqW9a8U6NuimQkVbO2T56Aw=s240-c-k-c0x00ffffff-no-rj,2014-03-29,1230,277,845,190,234250,3390,12,2023-07-10
UClOeE2lSj-10P2X7ryf1zsA,こじゆり兄弟,https://yt3.ggpht.com/9fF8-F054K2fRC1dDTqxQc45spJk-kFKtoqrd-AuIgV9oMbvzEGOhevIcSravc97ZCtqia0vlw=s240-c-k-c0x00ffffff-no-rj,2023-01-17,17,5,613,180,3066,174,34,2023-07-10
UCgj-JPupxyQqo5rIinwIvxA,BOOST ATHLETES,https://yt3.ggpht.com/5NY3kDEnWoJQWziLABPK3f1QIC0dcva6ejzqIqRMrlG6OFIJqqQNePnHmqSlyvqk1CvvgoiVoQ=s240-c-k-c0x00ffffff-no-rj,2019-12-26,271000,123,351799,159,43271327,1292,10,2023-07-10
UCs46gHwgCxKyYKunNWjkGiw,ジュラシック木澤ボディビル歴30年の教え,https://yt3.ggpht.com/utANoo1YCldjMRzPnpKdLC9JKR1DqAz7CzpNhCEhGlZahqkR3KuPzxweF1QzjIUxE-6CKZdOFg=s240-c-k-c0x00ffffff-no-rj,2021-06-30,4000,198,9379,464,1857138,740,3,2023-07-10
UC6fYj-hTiHAw7VNcN1VhRPg,こねちゃん筋トレ女子,https://yt3.ggpht.com/Ltc3bmXqydA2pZVOs1934e9SLQgzI8gkPObjJQXJHiMIEQrOGs0k8dsgf1q5EMa0bWcjzOGg=s240-c-k-c0x00ffffff-no-rj,2018-05-30,11,5,773,351,3866,1867,373,2023-07-10
UCUuun6EQFE9W1-9HuTof9rg,ドン スマイルフィットネス,https://yt3.ggpht.com/a8larTyM0AwRG-guKaDXwTd5Z8v8Gl4DTutuH9e3BFP0a9ZKUWCG7AwG5LXFbBNe0SNwL7OP=s240-c-k-c0x00ffffff-no-rj,2019-11-04,831,751,682,616,512273,1344,1,2023-07-10
UC5a1Zmq6dNNKKaW_sL6tjIA,レオザマニア【Leothefootball】公認レオザ切り抜き,https://yt3.ggpht.com/0_uEDehWNVuzLyxgcbf8wuxAKE1okQKUy6TGnNT9o2RTire9pSZ0ddpOJ6-_nYWO-r-dk7f2Yg=s240-c-k-c0x00ffffff-no-rj,2019-05-02,87600,1717,77479,1518,133032353,1530,0,2023-07-10
UCO-AEuRJKDx-V_M3fUtk45A,oluolu Fit,https://yt3.ggpht.com/TzWKgKTQBwXwwwwu3gCCiyhbeARYttmV5r-ittFsTCF6mGKojysKew9EWgrOxJDspthqZ7nb0g=s240-c-k-c0x00ffffff-no-rj,2023-03-06,7,2,35,10,71,126,63,2023-07-10
UCklYyO8VLS1JxEzo2hqkStg,株式会社KC,https://yt3.ggpht.com/ytc/AOPolaSzbd8SMSria1KMRYC1sBrMCIWbYdNv4KE3t1q6=s240-c-k-c0x00ffffff-no-rj,2020-06-25,0,1,0,0,140,1110,1110,2023-07-10
UCnxe91B5SOG_4SK-BbJgBlw,GENKING.,https://yt3.ggpht.com/M7FJ7NAqbc-Ee3-T5nc34acB4hLyRlCrANmH3GAEMd1Ugtww8x1yCFx6CbXE1dWaiK9vGk_-3A=s240-c-k-c0x00ffffff-no-rj,2019-03-19,91900,79,107938,92,8527165,1574,19,2023-07-10
UCh1GvDXZxxS9RE0kXmJVyvQ,絶対にジムなしでムキムキになる男feat.レオパ,https://yt3.ggpht.com/TTznQvInIv2OXkBZgMHs5gpX3v_7brtF37NhRWSZjg2SuK54L6tJM3MXwRu5h3-atiaKK5OGpA=s240-c-k-c0x00ffffff-no-rj,2022-07-28,39,56,353,507,19793,347,6,2023-07-10
UC4lYuYMKv9CCEFLFilSSJnw,みっつブログ【朝活、筋トレ、ブログ】,https://yt3.ggpht.com/_ZfaSkDXbYxsgOYFb1ywIPqDV0Qhuxewc2HcTYABGzyCRlkG_hB-inBrXBzL9eSzuNOqYC2Cyg=s240-c-k-c0x00ffffff-no-rj,2023-02-05,907,45,2517,124,113307,155,3,2023-07-10
UCyr7qdyCst9o9zNp4EeSfOw,ビーレジェンド FEM,https://yt3.ggpht.com/-UQft2iIJjUV8k7abLePO24kaIF7J_pVrl9OXc-0FhUoGFvWOzoVFlofKWQMQiE8hbF8tUbfRQ=s240-c-k-c0x00ffffff-no-rj,2022-02-16,1080,301,487,135,146856,509,1,2023-07-10
UCP_JVzQRELouYWL2tVcaWgg,ちゃぴさんです。の切り抜きです。,https://yt3.ggpht.com/7U_pADI4VIUo6tbLlaTjKfRmuGYmuvBvwo-pQWIX5MpEwzF1hjOICRVOind1pfXRg_-bZZkUgA=s240-c-k-c0x00ffffff-no-rj,2023-03-03,3,4,396,529,1587,129,32,2023-07-10
UCPo7nQffj9tXWSJn7zb_RtQ,Happy♡Life,https://yt3.ggpht.com/jcbsahTCslnzytUAUgTjN-j9JRM7nfDBimV7-fUJowkOWIYUcSO9UZtfc4jnsTdHhNMSKcTvew=s240-c-k-c0x00ffffff-no-rj,2015-05-13,3750,461,5412,665,2495323,2980,6,2023-07-10
UCK3YuwV-Q1_V2cLc0OjMzNA,k&g channel,https://yt3.ggpht.com/or6D4R9zVwNy3inCFirejh179E8K7ljrlsA0DaRlDNKtjbmlvRlljDEAokpM4tO1WNscxVlc7Q=s240-c-k-c0x00ffffff-no-rj,2022-08-30,6,235,11,449,2694,314,1,2023-07-10
UCq-7KE3673Y0XK4D5nxplGg,【ちゃぴさんです。】切り抜き,https://yt3.ggpht.com/YIiUK5zKRzO58DWvfhLzmrmJTa3dFRBYB3p0u28xUv7gNaTz4gnLz0tO4GWdbZZVUp3A5z99=s240-c-k-c0x00ffffff-no-rj,2023-03-03,116,18,1862,289,33528,129,7,2023-07-10
UC9DO8PEfjMEun8j_Ja3n_Ew,シャイチル★アラフォーダイエットTV,https://yt3.ggpht.com/oDusBeeKyg6O6V93_IpsShID3w0nc5uXYM69P1HKUGpKFGLm62MCA1AfwzVN65sHIr7KClf9Vx8=s240-c-k-c0x00ffffff-no-rj,2020-09-24,706,444,986,620,438134,1019,2,2023-07-10
UCVbL8nf-cPoysvPPb0gqFfA,シャイチル★アラフォーダイエットTV,https://yt3.ggpht.com/oDusBeeKyg6O6V93_IpsShID3w0nc5uXYM69P1HKUGpKFGLm62MCA1AfwzVN65sHIr7KClf9Vx8=s240-c-k-c0x00ffffff-no-rj,2020-09-24,706,444,986,620,438134,1019,2,2023-07-10
UCYl_-T4g8qblhEIQ3fXKpIQ,筋トレ好き女はるか,https://yt3.ggpht.com/KlXG2tWRRdvhK-Zpb4mDl7PxPebUfYpWyZMVFnCgSPvwrwzq4_UmYUFpTzmIUB6wvV0aZpZbtes=s240-c-k-c0x00ffffff-no-rj,2022-10-24,329,79,547,131,43268,259,3,2023-07-10
UC1tgC4ScNTj-C-TYluwfomg,あゆみみみみみみみ,https://yt3.ggpht.com/ytc/AOPolaStA_HGEGbURQIJhoe_mHam7t5CBb-Jk-gDZEYX=s240-c-k-c0x00ffffff-no-rj,2017-05-30,66200,749,27749,313,20784109,2232,2,2023-07-10
UCJdZSBjCAbDbw9TLrYZBTTg,ヒーロートレーニング,https://yt3.ggpht.com/OwAoERNYMf1JQs4tLTXTZ-fLLi4RDw_SOR97SGFuGFPSAVjd14m5c_tsarsec01krM3FmbaZtQ=s240-c-k-c0x00ffffff-no-rj,2019-11-18,154,85,831,458,70654,1330,15,2023-07-10
UCs_BxzS1m9mdI-ZJTPw0LSQ,Anabolic Space 【筋肥大する小部屋】,https://yt3.ggpht.com/ytc/AOPolaQ6DPrqqSyuSMnppRPbuZLEoqouDruybTT4TwU5=s240-c-k-c0x00ffffff-no-rj,2020-10-05,28500,369,29971,388,11059462,1008,2,2023-07-10
UCFL1GwZBXZF5Q0aWedwjXdg,レモネードChannel,https://yt3.ggpht.com/EBFiAXYMa7N0Qgee_lbA4jNG0W0FmdiMw_46nN5Y6Zpp3kcTQYWM_LEeaFT1X14wEL---mZm0g=s240-c-k-c0x00ffffff-no-rj,2016-03-22,1880,136,1362,98,185359,2666,19,2023-07-10
UC8qVIPw4Cme_wO0TyukjpRA,せーなん,https://yt3.ggpht.com/W2sg1yl9933RhUZk8OoXZlT5RMo5p5SOW8MFYmaQZUVPk25vzNivurzBrWoI_jdS4-pTH0xp=s240-c-k-c0x00ffffff-no-rj,2018-12-26,249,260,600,626,156098,1657,6,2023-07-10
UCmvVIWKA9H0j-ArbUWTMclA,KOHEIJAPANREMIX,https://yt3.ggpht.com/ytc/AOPolaTaEaWuMVG4RU4biQAV4zKhKqfgrJmXSU5eiRjs=s240-c-k-c0x00ffffff-no-rj,2008-12-26,5030,2599,1153,596,2998630,5309,2,2023-07-10
UCJSkL4P0Au0rfX6AMv-_NBQ,テストステロン戦士と賢者の集い-teststerone warriars-,https://yt3.ggpht.com/A3SD-8jLgiajBMIYxtD626wLOawFcPtMYECD0H9bdZeP-XjPbPadHj8jXvYKNr8FjIWc5ifpEQ=s240-c-k-c0x00ffffff-no-rj,2022-12-22,688,44,1003,64,44147,200,4,2023-07-10
UCzQB_sloGNn4zJv5RPs7atQ,つかけん,https://yt3.ggpht.com/qZ_d1Wo1ib_dgRgWSxJzuoOsq4BuDPgZBQ9CqiZiDRwq4djSdt3d9CjwmRSC7gCna40So_hN=s240-c-k-c0x00ffffff-no-rj,2020-04-18,36000,512,74063,1053,37920304,1178,2,2023-07-10
UCJyGoLz_sLHHHI1uEPg6UhA,仲里依紗です。,https://yt3.ggpht.com/ytc/AOPolaS7XeO5PrqHjPkXKo1NWRTZ9k5E1yNGOi9mxoMN=s240-c-k-c0x00ffffff-no-rj,2020-03-17,1870000,342,1464633,267,500904790,1210,3,2023-07-10
UCT9atRQgdNV2PlZf3k6wHgA,気分屋の切り抜き【にじさんじ切り抜きch】,https://yt3.ggpht.com/VSJUSMyjSwDKmofv5Y0I8Pb4MJfIJXDxauk4gW92s6LzWaGFAehm3MRlf4oywkeWuN7dKuWIaUw=s240-c-k-c0x00ffffff-no-rj,2023-02-28,804,111,13117,1810,1456010,132,1,2023-07-10
UCdSPo9Iefw1REMBTPqm7DwQ,Hidetada Yamagishi,https://yt3.ggpht.com/ytc/AOPolaTnLIuv9zPQSYFu4UH-HYkgwtU46o252iWcyjg2bw=s240-c-k-c0x00ffffff-no-rj,2010-04-20,320000,878,112041,307,98372496,4829,5,2023-07-10
UCKcBxifoRa6eUyUF11LkSlQ,ゴリマッチョ GORIMACHO,https://yt3.ggpht.com/kKh-IrFAzQvveILHSxB-qj3NmieNYrMK9_vXcLQdRa74Z8Ys1rky_CzZ-HyVgjGpk6QUFWzh=s240-c-k-c0x00ffffff-no-rj,2020-06-27,6590,1,78,0,78,1108,1108,2023-07-10
UChCML7JPnNqy3L0a7Mgw9eg,パーソナルトレーニングジムWITH,https://yt3.ggpht.com/1s4cW2otZ_DdMMDKzSA91kTHZdH8Rj_kQ_nKirQIRAQ9WghpxAA1oQFIUOf4ZTE9CwHka999ow=s240-c-k-c0x00ffffff-no-rj,2021-07-04,1150,710,192,119,137020,736,1,2023-07-10
UCDkutWKh4mbaM75eGyQ-quw,グッディーの懸垂やろうぜ!,https://yt3.ggpht.com/ytc/AOPolaRid4rGghEjqo6fSQyVjDXU7HokMDOUthTtlFk23g=s240-c-k-c0x00ffffff-no-rj,2019-07-03,12900,178,14451,199,2572328,1468,8,2023-07-10
UCe7Ec0KedIw8aZ1KcC0EnOA,きりぬくずは,https://yt3.ggpht.com/itJxIvCVBjVuJ1ZqjphMr3y1o4G4B6XMB3-D8a-EpCw_svdNWiPn9SDGluKlHHrgiKQ13B8xtg=s240-c-k-c0x00ffffff-no-rj,2022-12-15,658,111,18637,3143,2068720,207,1,2023-07-10
UCUoyF-9bB6SC4pvEZ3ZNL4Q,ゆっくりは健康になりたい。,https://yt3.ggpht.com/ytc/AOPolaTwevlshmpcizGdtwxWal9sPOx-xTn5fEVKiBHp=s240-c-k-c0x00ffffff-no-rj,2020-10-15,185000,682,76992,283,52508692,998,1,2023-07-10
UCUz2jRRS1QTgrFAlYuKU5aQ,クライムライフ【Climb Life】,https://yt3.ggpht.com/MPOhE5upHyg3WH9gIhJQNLgTJYO7lvTh3Djelmkcc1HMmkMyM3XQqgayO8ZD16J4ljMN6im05lg=s240-c-k-c0x00ffffff-no-rj,2020-08-18,204000,643,186585,588,119974167,1056,1,2023-07-10
UC1e5QuV7RmFAP-vHn-POfWw,Healthy Sexy Fitness,https://yt3.ggpht.com/W2z1ZQHBNZJz-A24CHqNviAjCYopOFcCl1OxpKZrw-u1nsdIFe6BVGIV3YnNc2SOGd-6bSmJn20=s240-c-k-c0x00ffffff-no-rj,2021-04-08,17600,121,14351,98,1736521,823,6,2023-07-10
UCXlarNt5ZnegrhhSmeAQzEQ,Kogoro Fitness,https://yt3.ggpht.com/ytc/AOPolaR6xW5SQh3d4V1xGwxkKxtjoyh-quwWHT0x442lfQ=s240-c-k-c0x00ffffff-no-rj,2019-10-03,525,115,2470,541,284103,1376,11,2023-07-10
UCbBoszKiMWe93lbdKmkm4Fg,YouTube Movies,https://yt3.ggpht.com/rRJ8OLOkv9fN2dLw2qQVACzEb0xJKZy7Vu_uiyd2M8g45cNTslggjcGCzyGggDTEX3Bejwwz=s240-c-k-c0x00ffffff-no-rj,2018-06-23,1,11,1387,15263,15263,1843,167,2023-07-10
UCXFpICLMGhQixm64__NQ9dw,さくら筋肉チャンネル,https://yt3.ggpht.com/9et_yPYg3gYDkrq7bbsyooEUHSD0rqYMU5ahShQt0_cEZSeAtV6BHGlqHQ8Fz8Pb65IhD1RhNw=s240-c-k-c0x00ffffff-no-rj,2021-06-27,75900,318,53550,224,17029123,743,2,2023-07-10
